TANGGAL,BULAN,TAHUN,TINGGI MUKA AIR
1,JAN,2020,"5,22"
2,JAN,2020,"5,22"
3,JAN,2020,"5,88"
4,JAN,2020,"6,73"
5,JAN,2020,"8,05"
6,JAN,2020,"8,67"
7,JAN,2020,"8,51"
8,JAN,2020,"7,61"
9,JAN,2020,"7,07"
10,JAN,2020,"6,56"
11,JAN,2020,"6,03"
12,JAN,2020,"7,32"
13,JAN,2020,"8,79"
14,JAN,2020,"9,35"
15,JAN,2020,"8,96"
16,JAN,2020,"7,98"
17,JAN,2020,"7,28"
18,JAN,2020,"6,50"
19,JAN,2020,"5,96"
20,JAN,2020,"6,06"
21,JAN,2020,"5,86"
22,JAN,2020,"5,60"
23,JAN,2020,"5,03"
24,JAN,2020,"4,42"
25,JAN,2020,"3,96"
26,JAN,2020,"4,45"
27,JAN,2020,"5,05"
28,JAN,2020,"7,59"
29,JAN,2020,"8,29"
30,JAN,2020,"7,82"
31,JAN,2020,"8,69"
1,FEB,2020,"9,34"
2,FEB,2020,"9,51"
3,FEB,2020,"9,09"
4,FEB,2020,"8,51"
5,FEB,2020,"8,45"
6,FEB,2020,"8,73"
7,FEB,2020,"8,98"
8,FEB,2020,"9,71"
9,FEB,2020,"9,97"
10,FEB,2020,"9,89"
11,FEB,2020,"10,05"
12,FEB,2020,"10,33"
13,FEB,2020,"10,56"
14,FEB,2020,"10,50"
15,FEB,2020,"9,86"
16,FEB,2020,"9,14"
17,FEB,2020,"8,67"
18,FEB,2020,"9,44"
19,FEB,2020,"10,20"
20,FEB,2020,"10,54"
21,FEB,2020,"10,84"
22,FEB,2020,"11,09"
23,FEB,2020,"11,05"
24,FEB,2020,"10,60"
25,FEB,2020,"9,71"
26,FEB,2020,"8,98"
27,FEB,2020,"8,53"
28,FEB,2020,"9,00"
29,FEB,2020,"9,46"
30,FEB,2020,
31,FEB,2020,
1,MAR,2020,"9,15"
2,MAR,2020,"9,09"
3,MAR,2020,"9,17"
4,MAR,2020,"9,12"
5,MAR,2020,"9,48"
6,MAR,2020,"9,91"
7,MAR,2020,"10,15"
8,MAR,2020,"10,38"
9,MAR,2020,"10,47"
10,MAR,2020,"10,38"
11,MAR,2020,"10,25"
12,MAR,2020,"10,18"
13,MAR,2020,"9,90"
14,MAR,2020,"9,88"
15,MAR,2020,"9,34"
16,MAR,2020,"8,52"
17,MAR,2020,"7,77"
18,MAR,2020,"7,37"
19,MAR,2020,"7,11"
20,MAR,2020,"6,57"
21,MAR,2020,"6,93"
22,MAR,2020,"8,01"
23,MAR,2020,"8,11"
24,MAR,2020,"7,66"
25,MAR,2020,"8,89"
26,MAR,2020,"9,54"
27,MAR,2020,"9,18"
28,MAR,2020,"9,15"
29,MAR,2020,"9,89"
30,MAR,2020,"10,18"
31,MAR,2020,"10,35"
1,APR,2020,"10,45"
2,APR,2020,"10,32"
3,APR,2020,"9,96"
4,APR,2020,"9,30"
5,APR,2020,"9,44"
6,APR,2020,"9,46"
7,APR,2020,"9,43"
8,APR,2020,"9,91"
9,APR,2020,"10,28"
10,APR,2020,"10,58"
11,APR,2020,"10,91"
12,APR,2020,"10,97"
13,APR,2020,"10,91"
14,APR,2020,"10,77"
15,APR,2020,"10,45"
16,APR,2020,"10,03"
17,APR,2020,"9,30"
18,APR,2020,"8,60"
19,APR,2020,"8,08"
20,APR,2020,"7,89"
21,APR,2020,"7,62"
22,APR,2020,"6,99"
23,APR,2020,"6,76"
24,APR,2020,"7,03"
25,APR,2020,"7,45"
26,APR,2020,"9,19"
27,APR,2020,"9,88"
28,APR,2020,"10,17"
29,APR,2020,"10,40"
30,APR,2020,"10,58"
31,APR,2020,
1,MEI,2020,"10,76"
2,MEI,2020,"11,02"
3,MEI,2020,"11,33"
4,MEI,2020,"11,53"
5,MEI,2020,"11,71"
6,MEI,2020,"11,69"
7,MEI,2020,"11,37"
8,MEI,2020,"10,88"
9,MEI,2020,"10,26"
10,MEI,2020,"9,82"
11,MEI,2020,"9,96"
12,MEI,2020,"9,67"
13,MEI,2020,"9,98"
14,MEI,2020,"10,17"
15,MEI,2020,"10,21"
16,MEI,2020,"10,39"
17,MEI,2020,"10,55"
18,MEI,2020,"10,40"
19,MEI,2020,"9,99"
20,MEI,2020,"9,85"
21,MEI,2020,"9,46"
22,MEI,2020,"9,25"
23,MEI,2020,"9,75"
24,MEI,2020,"10,05"
25,MEI,2020,"9,80"
26,MEI,2020,"9,52"
27,MEI,2020,"9,26"
28,MEI,2020,"8,72"
29,MEI,2020,"8,81"
30,MEI,2020,"9,21"
31,MEI,2020,"8,76"
1,JUNI,2020,"7,89"
2,JUNI,2020,"7,39"
3,JUNI,2020,"7,49"
4,JUNI,2020,"8,20"
5,JUNI,2020,"8,46"
6,JUNI,2020,"8,08"
7,JUNI,2020,"7,43"
8,JUNI,2020,"7,73"
9,JUNI,2020,"8,12"
10,JUNI,2020,"7,75"
11,JUNI,2020,"8,06"
12,JUNI,2020,"8,38"
13,JUNI,2020,"7,60"
14,JUNI,2020,"6,82"
15,JUNI,2020,"6,26"
16,JUNI,2020,"5,92"
17,JUNI,2020,"5,72"
18,JUNI,2020,"6,16"
19,JUNI,2020,"6,09"
20,JUNI,2020,"6,10"
21,JUNI,2020,"7,25"
22,JUNI,2020,"8,41"
23,JUNI,2020,"9,04"
24,JUNI,2020,"9,22"
25,JUNI,2020,"9,28"
26,JUNI,2020,"9,56"
27,JUNI,2020,"9,81"
28,JUNI,2020,"10,05"
29,JUNI,2020,"10,25"
30,JUNI,2020,"10,29"
31,JUNI,2020,
1,JULI,2020,"10,02"
2,JULI,2020,"9,35"
3,JULI,2020,"8,77"
4,JULI,2020,"9,16"
5,JULI,2020,"9,74"
6,JULI,2020,"9,74"
7,JULI,2020,"9,63"
8,JULI,2020,"9,70"
9,JULI,2020,"9,48"
10,JULI,2020,"8,88"
11,JULI,2020,"8,36"
12,JULI,2020,"8,42"
13,JULI,2020,"9,03"
14,JULI,2020,"9,25"
15,JULI,2020,"8,96"
16,JULI,2020,"8,64"
17,JULI,2020,"8,51"
18,JULI,2020,"8,03"
19,JULI,2020,"7,31"
20,JULI,2020,"7,17"
21,JULI,2020,"6,83"
22,JULI,2020,"6,76"
23,JULI,2020,"7,32"
24,JULI,2020,"6,99"
25,JULI,2020,"6,63"
26,JULI,2020,"6,38"
27,JULI,2020,"6,70"
28,JULI,2020,"7,26"
29,JULI,2020,"7,83"
30,JULI,2020,"7,40"
31,JULI,2020,"6,70"
1,AGS,2020,"6,16"
2,AGS,2020,"5,98"
3,AGS,2020,"6,20"
4,AGS,2020,"6,23"
5,AGS,2020,"6,50"
6,AGS,2020,"6,27"
7,AGS,2020,"6,12"
8,AGS,2020,"5,84"
9,AGS,2020,"5,20"
10,AGS,2020,"5,12"
11,AGS,2020,"5,13"
12,AGS,2020,"4,75"
13,AGS,2020,"5,10"
14,AGS,2020,"5,65"
15,AGS,2020,"5,11"
16,AGS,2020,"4,53"
17,AGS,2020,"4,98"
18,AGS,2020,"5,57"
19,AGS,2020,"5,17"
20,AGS,2020,"5,01"
21,AGS,2020,"5,19"
22,AGS,2020,"5,94"
23,AGS,2020,"6,22"
24,AGS,2020,"5,42"
25,AGS,2020,"4,70"
26,AGS,2020,"4,14"
27,AGS,2020,"3,83"
28,AGS,2020,"3,79"
29,AGS,2020,"3,65"
30,AGS,2020,"3,57"
31,AGS,2020,"3,67"
1,SEP,2020,"3,76"
2,SEP,2020,"3,83"
3,SEP,2020,"4,48"
4,SEP,2020,"4,46"
5,SEP,2020,"4,63"
6,SEP,2020,"4,78"
7,SEP,2020,"4,68"
8,SEP,2020,"5,83"
9,SEP,2020,"7,78"
10,SEP,2020,"8,36"
11,SEP,2020,"7,70"
12,SEP,2020,"6,76"
13,SEP,2020,"6,27"
14,SEP,2020,"6,38"
15,SEP,2020,"7,99"
16,SEP,2020,"9,20"
17,SEP,2020,"9,71"
18,SEP,2020,"9,70"
19,SEP,2020,"9,02"
20,SEP,2020,"7,80"
21,SEP,2020,"6,57"
22,SEP,2020,"5,75"
23,SEP,2020,"5,87"
24,SEP,2020,"6,78"
25,SEP,2020,"7,51"
26,SEP,2020,"6,70"
27,SEP,2020,"7,39"
28,SEP,2020,"8,60"
29,SEP,2020,"9,36"
30,SEP,2020,"9,44"
31,SEP,2020,
1,OKT,2020,"8,98"
2,OKT,2020,"8,53"
3,OKT,2020,"8,26"
4,OKT,2020,"7,54"
5,OKT,2020,"7,11"
6,OKT,2020,"8,30"
7,OKT,2020,"8,95"
8,OKT,2020,"8,40"
9,OKT,2020,"7,35"
10,OKT,2020,"6,90"
11,OKT,2020,"7,56"
12,OKT,2020,"7,18"
13,OKT,2020,"6,78"
14,OKT,2020,"6,37"
15,OKT,2020,"6,03"
16,OKT,2020,"6,80"
17,OKT,2020,"6,69"
18,OKT,2020,"6,87"
19,OKT,2020,"7,95"
20,OKT,2020,"8,25"
21,OKT,2020,"7,80"
22,OKT,2020,"7,38"
23,OKT,2020,"6,98"
24,OKT,2020,"6,61"
25,OKT,2020,"6,74"
26,OKT,2020,"6,93"
27,OKT,2020,"7,15"
28,OKT,2020,"7,01"
29,OKT,2020,"6,60"
30,OKT,2020,"6,40"
31,OKT,2020,"7,26"
1,NOV,2020,"8,45"
2,NOV,2020,"9,03"
3,NOV,2020,"9,39"
4,NOV,2020,"9,50"
5,NOV,2020,"9,55"
6,NOV,2020,"9,22"
7,NOV,2020,"9,15"
8,NOV,2020,"8,81"
9,NOV,2020,"8,63"
10,NOV,2020,"8,81"
11,NOV,2020,"8,46"
12,NOV,2020,"7,60"
13,NOV,2020,"6,82"
14,NOV,2020,"6,24"
15,NOV,2020,"5,85"
16,NOV,2020,"5,48"
17,NOV,2020,"5,18"
18,NOV,2020,"5,05"
19,NOV,2020,"5,52"
20,NOV,2020,"5,67"
21,NOV,2020,"5,65"
22,NOV,2020,"5,53"
23,NOV,2020,"6,46"
24,NOV,2020,"7,84"
25,NOV,2020,"9,32"
26,NOV,2020,"9,63"
27,NOV,2020,"9,58"
28,NOV,2020,"9,14"
29,NOV,2020,"8,49"
30,NOV,2020,"7,80"
31,NOV,2020,
1,DES,2020,"7,21"
2,DES,2020,"6,87"
3,DES,2020,"6,69"
4,DES,2020,"6,55"
5,DES,2020,"6,30"
6,DES,2020,"6,03"
7,DES,2020,"5,89"
8,DES,2020,"5,68"
9,DES,2020,"5,38"
10,DES,2020,"5,12"
11,DES,2020,"4,97"
12,DES,2020,"5,18"
13,DES,2020,"5,84"
14,DES,2020,"6,28"
15,DES,2020,"6,63"
16,DES,2020,"6,86"
17,DES,2020,"6,98"
18,DES,2020,"7,62"
19,DES,2020,"9,11"
20,DES,2020,"9,57"
21,DES,2020,"9,37"
22,DES,2020,"8,34"
23,DES,2020,"7,25"
24,DES,2020,"6,94"
25,DES,2020,"6,92"
26,DES,2020,"7,83"
27,DES,2020,"7,99"
28,DES,2020,"7,30"
29,DES,2020,"6,92"
30,DES,2020,"6,54"
31,DES,2020,"6,41"
1,JAN,2019,"5,24"
2,JAN,2019,"4,81"
3,JAN,2019,"4,78"
4,JAN,2019,"5,65"
5,JAN,2019,"5,60"
6,JAN,2019,"5,49"
7,JAN,2019,"5,15"
8,JAN,2019,"4,75"
9,JAN,2019,"4,35"
10,JAN,2019,"4,13"
11,JAN,2019,"5,60"
12,JAN,2019,"6,29"
13,JAN,2019,"6,00"
14,JAN,2019,"6,15"
15,JAN,2019,"6,96"
16,JAN,2019,"7,62"
17,JAN,2019,"7,51"
18,JAN,2019,"7,45"
19,JAN,2019,"7,40"
20,JAN,2019,"6,50"
21,JAN,2019,"5,76"
22,JAN,2019,"5,74"
23,JAN,2019,"6,34"
24,JAN,2019,"6,76"
25,JAN,2019,"7,20"
26,JAN,2019,"7,25"
27,JAN,2019,"6,68"
28,JAN,2019,"6,11"
29,JAN,2019,"5,60"
30,JAN,2019,"5,71"
31,JAN,2019,"6,13"
1,FEB,2019,"5,72"
2,FEB,2019,"5,19"
3,FEB,2019,"5,03"
4,FEB,2019,"6,13"
5,FEB,2019,"6,86"
6,FEB,2019,"7,83"
7,FEB,2019,"8,71"
8,FEB,2019,"7,42"
9,FEB,2019,"8,14"
10,FEB,2019,"8,07"
11,FEB,2019,"8,64"
12,FEB,2019,"8,85"
13,FEB,2019,"8,61"
14,FEB,2019,"8,32"
15,FEB,2019,"7,82"
16,FEB,2019,"7,18"
17,FEB,2019,"7,06"
18,FEB,2019,"7,41"
19,FEB,2019,"7,96"
20,FEB,2019,"9,19"
21,FEB,2019,"8,90"
22,FEB,2019,"7,89"
23,FEB,2019,"6,76"
24,FEB,2019,"5,93"
25,FEB,2019,"5,36"
26,FEB,2019,"5,10"
27,FEB,2019,"5,24"
28,FEB,2019,"5,25"
29,FEB,2019,
30,FEB,2019,
31,FEB,2019,
1,MAR,2019,"5,00"
2,MAR,2019,"4,45"
3,MAR,2019,"4,19"
4,MAR,2019,"4,16"
5,MAR,2019,"4,10"
6,MAR,2019,"4,03"
7,MAR,2019,"4,01"
8,MAR,2019,"4,78"
9,MAR,2019,"5,98"
10,MAR,2019,"6,24"
11,MAR,2019,"6,61"
12,MAR,2019,"6,80"
13,MAR,2019,"5,95"
14,MAR,2019,"5,76"
15,MAR,2019,"6,42"
16,MAR,2019,"7,25"
17,MAR,2019,"7,54"
18,MAR,2019,"7,08"
19,MAR,2019,"6,16"
20,MAR,2019,"5,28"
21,MAR,2019,"4,69"
22,MAR,2019,"4,61"
23,MAR,2019,"5,11"
24,MAR,2019,"5,94"
25,MAR,2019,"5,75"
26,MAR,2019,"5,39"
27,MAR,2019,"5,10"
28,MAR,2019,"4,93"
29,MAR,2019,"4,81"
30,MAR,2019,"6,10"
31,MAR,2019,"6,94"
1,APR,2019,"7,52"
2,APR,2019,"7,46"
3,APR,2019,"7,87"
4,APR,2019,"8,02"
5,APR,2019,"7,92"
6,APR,2019,"8,06"
7,APR,2019,"7,81"
8,APR,2019,"7,47"
9,APR,2019,"7,31"
10,APR,2019,"7,10"
11,APR,2019,"7,08"
12,APR,2019,"7,83"
13,APR,2019,"8,49"
14,APR,2019,"8,68"
15,APR,2019,"9,23"
16,APR,2019,"9,63"
17,APR,2019,"9,56"
18,APR,2019,"9,44"
19,APR,2019,"9,53"
20,APR,2019,"9,32"
21,APR,2019,"9,24"
22,APR,2019,"9,25"
23,APR,2019,"8,86"
24,APR,2019,"8,01"
25,APR,2019,"7,24"
26,APR,2019,"6,72"
27,APR,2019,"6,36"
28,APR,2019,"7,18"
29,APR,2019,"9,01"
30,APR,2019,"9,77"
31,APR,2019,
1,MEI,2019,"9,83"
2,MEI,2019,"9,57"
3,MEI,2019,"9,22"
4,MEI,2019,"8,83"
5,MEI,2019,"8,28"
6,MEI,2019,"7,70"
7,MEI,2019,"7,53"
8,MEI,2019,"7,29"
9,MEI,2019,"6,75"
10,MEI,2019,"6,24"
11,MEI,2019,"5,95"
12,MEI,2019,"5,88"
13,MEI,2019,"5,99"
14,MEI,2019,"5,88"
15,MEI,2019,"6,96"
16,MEI,2019,"7,95"
17,MEI,2019,"7,68"
18,MEI,2019,"7,29"
19,MEI,2019,"7,87"
20,MEI,2019,"7,94"
21,MEI,2019,"6,92"
22,MEI,2019,"6,14"
23,MEI,2019,"5,70"
24,MEI,2019,"5,39"
25,MEI,2019,"5,75"
26,MEI,2019,"6,42"
27,MEI,2019,"6,30"
28,MEI,2019,"6,19"
29,MEI,2019,"5,98"
30,MEI,2019,"5,31"
31,MEI,2019,"4,73"
1,JUNI,2019,"4,34"
2,JUNI,2019,"4,34"
3,JUNI,2019,"4,36"
4,JUNI,2019,"5,09"
5,JUNI,2019,"7,53"
6,JUNI,2019,"9,12"
7,JUNI,2019,"9,11"
8,JUNI,2019,"8,43"
9,JUNI,2019,"7,57"
10,JUNI,2019,"8,32"
11,JUNI,2019,"9,13"
12,JUNI,2019,"8,94"
13,JUNI,2019,"8,69"
14,JUNI,2019,"9,17"
15,JUNI,2019,"9,84"
16,JUNI,2019,"10,17"
17,JUNI,2019,"10,53"
18,JUNI,2019,"10,71"
19,JUNI,2019,"10,80"
20,JUNI,2019,"10,83"
21,JUNI,2019,"10,89"
22,JUNI,2019,"10,92"
23,JUNI,2019,"10,81"
24,JUNI,2019,"10,53"
25,JUNI,2019,"9,89"
26,JUNI,2019,"9,03"
27,JUNI,2019,"8,27"
28,JUNI,2019,"7,93"
29,JUNI,2019,"8,30"
30,JUNI,2019,"8,13"
31,JUNI,2019,
1,JULI,2019,"7,30"
2,JULI,2019,"6,70"
3,JULI,2019,"6,65"
4,JULI,2019,"6,20"
5,JULI,2019,"5,71"
6,JULI,2019,"5,40"
7,JULI,2019,"5,02"
8,JULI,2019,"4,68"
9,JULI,2019,"4,34"
10,JULI,2019,"4,02"
11,JULI,2019,"3,63"
12,JULI,2019,"3,26"
13,JULI,2019,"3,02"
14,JULI,2019,"3,21"
15,JULI,2019,"3,58"
16,JULI,2019,"3,51"
17,JULI,2019,"3,19"
18,JULI,2019,"2,92"
19,JULI,2019,"2,73"
20,JULI,2019,"2,58"
21,JULI,2019,"2,48"
22,JULI,2019,"2,38"
23,JULI,2019,"2,36"
24,JULI,2019,"2,44"
25,JULI,2019,"2,35"
26,JULI,2019,"2,43"
27,JULI,2019,"2,32"
28,JULI,2019,"3,04"
29,JULI,2019,"4,96"
30,JULI,2019,"4,56"
31,JULI,2019,"3,62"
1,AGS,2019,"3,75"
2,AGS,2019,"4,15"
3,AGS,2019,"3,84"
4,AGS,2019,"4,12"
5,AGS,2019,"3,88"
6,AGS,2019,"3,30"
7,AGS,2019,"3,17"
8,AGS,2019,"2,53"
9,AGS,2019,"2,25"
10,AGS,2019,"2,05"
11,AGS,2019,"1,87"
12,AGS,2019,"1,93"
13,AGS,2019,"1,93"
14,AGS,2019,"1,95"
15,AGS,2019,"2,01"
16,AGS,2019,"2,08"
17,AGS,2019,"2,27"
18,AGS,2019,"2,53"
19,AGS,2019,"2,52"
20,AGS,2019,"2,46"
21,AGS,2019,"4,32"
22,AGS,2019,"6,89"
23,AGS,2019,"6,42"
24,AGS,2019,"4,97"
25,AGS,2019,"4,41"
26,AGS,2019,"4,24"
27,AGS,2019,"4,18"
28,AGS,2019,"5,47"
29,AGS,2019,"6,28"
30,AGS,2019,"5,61"
31,AGS,2019,"5,02"
1,SEP,2019,"4,22"
2,SEP,2019,"3,65"
3,SEP,2019,"3,71"
4,SEP,2019,"3,88"
5,SEP,2019,"3,53"
6,SEP,2019,"3,14"
7,SEP,2019,"2,72"
8,SEP,2019,"2,45"
9,SEP,2019,"2,33"
10,SEP,2019,"2,24"
11,SEP,2019,"2,25"
12,SEP,2019,"2,23"
13,SEP,2019,"2,17"
14,SEP,2019,"2,16"
15,SEP,2019,"2,24"
16,SEP,2019,"2,33"
17,SEP,2019,"2,25"
18,SEP,2019,"2,15"
19,SEP,2019,"2,09"
20,SEP,2019,"2,04"
21,SEP,2019,"1,97"
22,SEP,2019,"1,85"
23,SEP,2019,"1,78"
24,SEP,2019,"1,92"
25,SEP,2019,"1,88"
26,SEP,2019,"1,83"
27,SEP,2019,"1,88"
28,SEP,2019,"1,93"
29,SEP,2019,"2,00"
30,SEP,2019,"2,13"
31,SEP,2019,
1,OKT,2019,"2,38"
2,OKT,2019,"2,74"
3,OKT,2019,"3,23"
4,OKT,2019,"3,13"
5,OKT,2019,"3,08"
6,OKT,2019,"3,83"
7,OKT,2019,"5,72"
8,OKT,2019,"5,01"
9,OKT,2019,"4,51"
10,OKT,2019,"4,27"
11,OKT,2019,"4,66"
12,OKT,2019,"4,83"
13,OKT,2019,"4,74"
14,OKT,2019,"4,19"
15,OKT,2019,"4,07"
16,OKT,2019,"3,90"
17,OKT,2019,"4,28"
18,OKT,2019,"4,55"
19,OKT,2019,"4,51"
20,OKT,2019,"4,37"
21,OKT,2019,"4,11"
22,OKT,2019,"3,82"
23,OKT,2019,"3,39"
24,OKT,2019,"3,01"
25,OKT,2019,"2,69"
26,OKT,2019,"2,55"
27,OKT,2019,"2,51"
28,OKT,2019,"3,46"
29,OKT,2019,"4,53"
30,OKT,2019,"5,71"
31,OKT,2019,"5,36"
1,NOV,2019,"4,61"
2,NOV,2019,"5,51"
3,NOV,2019,"5,40"
4,NOV,2019,"4,98"
5,NOV,2019,"4,41"
6,NOV,2019,"5,03"
7,NOV,2019,"4,67"
8,NOV,2019,"3,88"
9,NOV,2019,"3,35"
10,NOV,2019,"3,55"
11,NOV,2019,"4,72"
12,NOV,2019,"4,67"
13,NOV,2019,"4,01"
14,NOV,2019,"4,03"
15,NOV,2019,"5,08"
16,NOV,2019,"4,93"
17,NOV,2019,"4,71"
18,NOV,2019,"4,11"
19,NOV,2019,"3,57"
20,NOV,2019,"3,61"
21,NOV,2019,"3,65"
22,NOV,2019,"3,81"
23,NOV,2019,"4,15"
24,NOV,2019,"4,12"
25,NOV,2019,"3,75"
26,NOV,2019,"4,01"
27,NOV,2019,"5,21"
28,NOV,2019,"4,97"
29,NOV,2019,"5,47"
30,NOV,2019,"6,03"
31,NOV,2019,
1,DES,2019,"6,02"
2,DES,2019,"6,05"
3,DES,2019,"5,81"
4,DES,2019,"5,81"
5,DES,2019,"5,78"
6,DES,2019,"5,21"
7,DES,2019,"4,84"
8,DES,2019,"4,90"
9,DES,2019,"5,45"
10,DES,2019,"5,73"
11,DES,2019,"5,90"
12,DES,2019,"6,58"
13,DES,2019,"7,88"
14,DES,2019,"9,04"
15,DES,2019,"9,65"
16,DES,2019,"9,63"
17,DES,2019,"9,04"
18,DES,2019,"8,46"
19,DES,2019,"7,71"
20,DES,2019,"7,68"
21,DES,2019,"8,52"
22,DES,2019,"8,79"
23,DES,2019,"8,16"
24,DES,2019,"7,62"
25,DES,2019,"7,60"
26,DES,2019,"7,23"
27,DES,2019,"6,41"
28,DES,2019,"5,73"
29,DES,2019,"5,99"
30,DES,2019,"6,37"
31,DES,2019,"5,87"
1,JAN,2018,"7,19"
2,JAN,2018,"7,00"
3,JAN,2018,"8,08"
4,JAN,2018,"8,33"
5,JAN,2018,"8,65"
6,JAN,2018,"8,58"
7,JAN,2018,"8,97"
8,JAN,2018,"9,54"
9,JAN,2018,"9,39"
10,JAN,2018,"8,59"
11,JAN,2018,"7,76"
12,JAN,2018,"7,65"
13,JAN,2018,"8,52"
14,JAN,2018,"9,16"
15,JAN,2018,"9,00"
16,JAN,2018,"8,53"
17,JAN,2018,"8,00"
18,JAN,2018,"7,31"
19,JAN,2018,"6,95"
20,JAN,2018,"6,68"
21,JAN,2018,"6,63"
22,JAN,2018,"6,62"
23,JAN,2018,"6,57"
24,JAN,2018,"6,51"
25,JAN,2018,"7,54"
26,JAN,2018,"8,23"
27,JAN,2018,"8,17"
28,JAN,2018,"7,76"
29,JAN,2018,"7,11"
30,JAN,2018,"6,71"
31,JAN,2018,"6,70"
1,FEB,2018,"6,43"
2,FEB,2018,"6,11"
3,FEB,2018,"5,98"
4,FEB,2018,"5,84"
5,FEB,2018,"5,78"
6,FEB,2018,"6,33"
7,FEB,2018,"8,59"
8,FEB,2018,"9,67"
9,FEB,2018,"9,90"
10,FEB,2018,"9,80"
11,FEB,2018,"9,09"
12,FEB,2018,"8,58"
13,FEB,2018,"8,39"
14,FEB,2018,"8,13"
15,FEB,2018,"7,57"
16,FEB,2018,"7,22"
17,FEB,2018,"6,76"
18,FEB,2018,"6,36"
19,FEB,2018,"6,03"
20,FEB,2018,"6,28"
21,FEB,2018,"6,71"
22,FEB,2018,"6,70"
23,FEB,2018,"6,61"
24,FEB,2018,"6,37"
25,FEB,2018,"6,42"
26,FEB,2018,"7,62"
27,FEB,2018,"7,59"
28,FEB,2018,"7,03"
29,FEB,2018,
30,FEB,2018,
31,FEB,2018,
1,MAR,2018,"6,53"
2,MAR,2018,"6,42"
3,MAR,2018,"6,71"
4,MAR,2018,"6,84"
5,MAR,2018,"6,67"
6,MAR,2018,"6,31"
7,MAR,2018,"6,33"
8,MAR,2018,"6,89"
9,MAR,2018,"7,62"
10,MAR,2018,"7,49"
11,MAR,2018,"7,11"
12,MAR,2018,"6,59"
13,MAR,2018,"5,68"
14,MAR,2018,"4,94"
15,MAR,2018,"5,17"
16,MAR,2018,"5,78"
17,MAR,2018,"6,63"
18,MAR,2018,"7,55"
19,MAR,2018,"7,89"
20,MAR,2018,"7,32"
21,MAR,2018,"6,71"
22,MAR,2018,"6,92"
23,MAR,2018,"7,05"
24,MAR,2018,"6,86"
25,MAR,2018,"6,96"
26,MAR,2018,"6,87"
27,MAR,2018,"7,03"
28,MAR,2018,"7,47"
29,MAR,2018,"8,17"
30,MAR,2018,"8,02"
31,MAR,2018,"7,35"
1,APR,2018,"6,56"
2,APR,2018,"6,06"
3,APR,2018,"5,93"
4,APR,2018,"5,90"
5,APR,2018,"6,42"
6,APR,2018,"6,62"
7,APR,2018,"7,39"
8,APR,2018,"8,75"
9,APR,2018,"8,91"
10,APR,2018,"8,65"
11,APR,2018,"8,55"
12,APR,2018,"8,05"
13,APR,2018,"7,27"
14,APR,2018,"6,76"
15,APR,2018,"6,43"
16,APR,2018,"6,12"
17,APR,2018,"5,82"
18,APR,2018,"6,49"
19,APR,2018,"7,90"
20,APR,2018,"8,73"
21,APR,2018,"8,72"
22,APR,2018,"9,22"
23,APR,2018,"9,63"
24,APR,2018,"9,55"
25,APR,2018,"9,88"
26,APR,2018,"10,30"
27,APR,2018,"10,62"
28,APR,2018,"11,05"
29,APR,2018,"11,12"
30,APR,2018,"10,84"
31,APR,2018,
1,MEI,2018,"10,43"
2,MEI,2018,"9,97"
3,MEI,2018,"9,98"
4,MEI,2018,"9,89"
5,MEI,2018,"9,52"
6,MEI,2018,"9,01"
7,MEI,2018,"8,24"
8,MEI,2018,"7,78"
9,MEI,2018,"8,48"
10,MEI,2018,"8,70"
11,MEI,2018,"8,36"
12,MEI,2018,"7,79"
13,MEI,2018,"8,14"
14,MEI,2018,"8,48"
15,MEI,2018,"8,13"
16,MEI,2018,"7,87"
17,MEI,2018,"7,66"
18,MEI,2018,"7,13"
19,MEI,2018,"7,20"
20,MEI,2018,"7,42"
21,MEI,2018,"7,43"
22,MEI,2018,"7,53"
23,MEI,2018,"7,18"
24,MEI,2018,"6,64"
25,MEI,2018,"6,13"
26,MEI,2018,"5,86"
27,MEI,2018,"5,74"
28,MEI,2018,"5,64"
29,MEI,2018,"5,29"
30,MEI,2018,"5,54"
31,MEI,2018,"5,82"
1,JUNI,2018,"7,53"
2,JUNI,2018,"8,97"
3,JUNI,2018,"8,74"
4,JUNI,2018,"7,56"
5,JUNI,2018,"6,37"
6,JUNI,2018,"5,61"
7,JUNI,2018,"5,13"
8,JUNI,2018,"5,27"
9,JUNI,2018,"5,27"
10,JUNI,2018,"4,96"
11,JUNI,2018,"5,93"
12,JUNI,2018,"5,94"
13,JUNI,2018,"5,23"
14,JUNI,2018,"4,82"
15,JUNI,2018,"4,88"
16,JUNI,2018,"4,96"
17,JUNI,2018,"4,91"
18,JUNI,2018,"5,05"
19,JUNI,2018,"4,52"
20,JUNI,2018,"4,67"
21,JUNI,2018,"6,40"
22,JUNI,2018,"7,27"
23,JUNI,2018,"8,03"
24,JUNI,2018,"8,00"
25,JUNI,2018,"8,05"
26,JUNI,2018,"7,76"
27,JUNI,2018,"8,18"
28,JUNI,2018,"9,05"
29,JUNI,2018,"8,99"
30,JUNI,2018,"8,77"
31,JUNI,2018,
1,JULI,2018,"8,55"
2,JULI,2018,"8,16"
3,JULI,2018,"8,12"
4,JULI,2018,"8,38"
5,JULI,2018,"8,54"
6,JULI,2018,"8,78"
7,JULI,2018,"8,69"
8,JULI,2018,"8,16"
9,JULI,2018,"7,14"
10,JULI,2018,"6,29"
11,JULI,2018,"6,18"
12,JULI,2018,"5,48"
13,JULI,2018,"5,25"
14,JULI,2018,"4,85"
15,JULI,2018,"4,33"
16,JULI,2018,"3,91"
17,JULI,2018,"3,83"
18,JULI,2018,"3,78"
19,JULI,2018,"3,49"
20,JULI,2018,"3,19"
21,JULI,2018,"2,90"
22,JULI,2018,"2,78"
23,JULI,2018,"3,00"
24,JULI,2018,"3,36"
25,JULI,2018,"3,20"
26,JULI,2018,"2,96"
27,JULI,2018,"3,48"
28,JULI,2018,"3,91"
29,JULI,2018,"3,81"
30,JULI,2018,"3,85"
31,JULI,2018,"4,41"
1,AGS,2018,"4,85"
2,AGS,2018,"6,97"
3,AGS,2018,"8,91"
4,AGS,2018,"8,92"
5,AGS,2018,"7,55"
6,AGS,2018,"5,94"
7,AGS,2018,"4,82"
8,AGS,2018,"4,05"
9,AGS,2018,"3,50"
10,AGS,2018,"3,25"
11,AGS,2018,"3,39"
12,AGS,2018,"3,48"
13,AGS,2018,"3,29"
14,AGS,2018,"3,04"
15,AGS,2018,"2,86"
16,AGS,2018,"2,71"
17,AGS,2018,"2,56"
18,AGS,2018,"2,45"
19,AGS,2018,"2,45"
20,AGS,2018,"2,38"
21,AGS,2018,"2,23"
22,AGS,2018,"2,53"
23,AGS,2018,"4,28"
24,AGS,2018,"4,60"
25,AGS,2018,"4,75"
26,AGS,2018,"5,85"
27,AGS,2018,"5,14"
28,AGS,2018,"4,46"
29,AGS,2018,"4,67"
30,AGS,2018,"4,95"
31,AGS,2018,"5,85"
1,SEP,2018,"5,53"
2,SEP,2018,"4,62"
3,SEP,2018,"4,62"
4,SEP,2018,"5,52"
5,SEP,2018,"5,03"
6,SEP,2018,"4,18"
7,SEP,2018,"4,26"
8,SEP,2018,"6,34"
9,SEP,2018,"6,96"
10,SEP,2018,"5,91"
11,SEP,2018,"5,21"
12,SEP,2018,"4,95"
13,SEP,2018,"4,68"
14,SEP,2018,"4,39"
15,SEP,2018,"3,85"
16,SEP,2018,"3,34"
17,SEP,2018,"2,96"
18,SEP,2018,"2,66"
19,SEP,2018,"2,68"
20,SEP,2018,"3,50"
21,SEP,2018,"6,72"
22,SEP,2018,"8,05"
23,SEP,2018,"7,19"
24,SEP,2018,"5,69"
25,SEP,2018,"4,60"
26,SEP,2018,"4,59"
27,SEP,2018,"4,61"
28,SEP,2018,"4,52"
29,SEP,2018,"4,39"
30,SEP,2018,"4,05"
31,SEP,2018,
1,OKT,2018,"4,11"
2,OKT,2018,"5,47"
3,OKT,2018,"5,37"
4,OKT,2018,"5,10"
5,OKT,2018,"4,82"
6,OKT,2018,"4,14"
7,OKT,2018,"3,66"
8,OKT,2018,"3,39"
9,OKT,2018,"3,42"
10,OKT,2018,"3,48"
11,OKT,2018,"3,31"
12,OKT,2018,"3,18"
13,OKT,2018,"3,98"
14,OKT,2018,"4,56"
15,OKT,2018,"5,04"
16,OKT,2018,"6,10"
17,OKT,2018,"6,02"
18,OKT,2018,"5,24"
19,OKT,2018,"4,39"
20,OKT,2018,"4,46"
21,OKT,2018,"4,47"
22,OKT,2018,"4,59"
23,OKT,2018,"5,82"
24,OKT,2018,"6,04"
25,OKT,2018,"5,91"
26,OKT,2018,"5,51"
27,OKT,2018,"5,32"
28,OKT,2018,"5,36"
29,OKT,2018,"5,01"
30,OKT,2018,"4,99"
31,OKT,2018,"6,25"
1,NOV,2018,"6,04"
2,NOV,2018,"5,61"
3,NOV,2018,"6,16"
4,NOV,2018,"7,35"
5,NOV,2018,"6,63"
6,NOV,2018,"5,65"
7,NOV,2018,"5,24"
8,NOV,2018,"4,72"
9,NOV,2018,"4,48"
10,NOV,2018,"4,87"
11,NOV,2018,"4,92"
12,NOV,2018,"5,65"
13,NOV,2018,"6,59"
14,NOV,2018,"6,80"
15,NOV,2018,"7,17"
16,NOV,2018,"8,02"
17,NOV,2018,"8,85"
18,NOV,2018,"9,14"
19,NOV,2018,"9,53"
20,NOV,2018,"9,67"
21,NOV,2018,"9,68"
22,NOV,2018,"8,63"
23,NOV,2018,"9,40"
24,NOV,2018,"9,12"
25,NOV,2018,"8,81"
26,NOV,2018,"9,04"
27,NOV,2018,"9,35"
28,NOV,2018,"9,25"
29,NOV,2018,"8,59"
30,NOV,2018,"8,02"
31,NOV,2018,
1,DES,2018,"8,19"
2,DES,2018,"8,51"
3,DES,2018,"8,96"
4,DES,2018,"9,13"
5,DES,2018,"8,78"
6,DES,2018,"8,89"
7,DES,2018,"9,02"
8,DES,2018,"8,65"
9,DES,2018,"8,07"
10,DES,2018,"8,33"
11,DES,2018,"8,90"
12,DES,2018,"8,66"
13,DES,2018,"8,46"
14,DES,2018,"9,11"
15,DES,2018,"9,89"
16,DES,2018,"10,22"
17,DES,2018,"10,46"
18,DES,2018,"10,48"
19,DES,2018,"10,35"
20,DES,2018,"10,07"
21,DES,2018,"10,06"
22,DES,2018,"9,89"
23,DES,2018,"9,36"
24,DES,2018,"8,61"
25,DES,2018,"8,13"
26,DES,2018,"7,56"
27,DES,2018,"7,20"
28,DES,2018,"7,11"
29,DES,2018,"7,07"
30,DES,2018,"6,60"
31,DES,2018,"5,86"
1,JAN,2017,"8,58"
2,JAN,2017,"8,62"
3,JAN,2017,"8,26"
4,JAN,2017,"7,93"
5,JAN,2017,"8,65"
6,JAN,2017,"9,23"
7,JAN,2017,"9,30"
8,JAN,2017,"8,78"
9,JAN,2017,"8,25"
10,JAN,2017,"7,83"
11,JAN,2017,"7,45"
12,JAN,2017,"7,15"
13,JAN,2017,"7,03"
14,JAN,2017,"7,03"
15,JAN,2017,"6,88"
16,JAN,2017,"7,17"
17,JAN,2017,"7,29"
18,JAN,2017,"7,45"
19,JAN,2017,"7,77"
20,JAN,2017,"7,79"
21,JAN,2017,"7,57"
22,JAN,2017,"8,46"
23,JAN,2017,"8,85"
24,JAN,2017,"9,14"
25,JAN,2017,"9,29"
26,JAN,2017,"9,10"
27,JAN,2017,"9,06"
28,JAN,2017,"8,65"
29,JAN,2017,"8,27"
30,JAN,2017,"8,76"
31,JAN,2017,"9,27"
1,FEB,2017,"9,71"
2,FEB,2017,"10,12"
3,FEB,2017,"10,38"
4,FEB,2017,"10,56"
5,FEB,2017,"10,64"
6,FEB,2017,"10,44"
7,FEB,2017,"9,87"
8,FEB,2017,"9,00"
9,FEB,2017,"8,20"
10,FEB,2017,"7,57"
11,FEB,2017,"7,06"
12,FEB,2017,"6,65"
13,FEB,2017,"6,28"
14,FEB,2017,"5,99"
15,FEB,2017,"5,83"
16,FEB,2017,"5,89"
17,FEB,2017,"5,71"
18,FEB,2017,"6,18"
19,FEB,2017,"6,43"
20,FEB,2017,"6,79"
21,FEB,2017,"6,71"
22,FEB,2017,"6,61"
23,FEB,2017,"7,65"
24,FEB,2017,"7,65"
25,FEB,2017,"8,75"
26,FEB,2017,"8,85"
27,FEB,2017,"9,11"
28,FEB,2017,"9,46"
29,FEB,2017,
30,FEB,2017,
31,FEB,2017,
1,MAR,2017,"9,09"
2,MAR,2017,"8,80"
3,MAR,2017,"9,08"
4,MAR,2017,"9,64"
5,MAR,2017,"9,92"
6,MAR,2017,"10,04"
7,MAR,2017,"10,09"
8,MAR,2017,"10,16"
9,MAR,2017,"10,35"
10,MAR,2017,"10,53"
11,MAR,2017,"10,57"
12,MAR,2017,"10,18"
13,MAR,2017,"9,88"
14,MAR,2017,"9,87"
15,MAR,2017,"9,63"
16,MAR,2017,"9,41"
17,MAR,2017,"9,35"
18,MAR,2017,"9,05"
19,MAR,2017,"9,16"
20,MAR,2017,"9,51"
21,MAR,2017,"9,66"
22,MAR,2017,"9,77"
23,MAR,2017,"9,94"
24,MAR,2017,"9,72"
25,MAR,2017,"9,12"
26,MAR,2017,"8,42"
27,MAR,2017,"8,05"
28,MAR,2017,"7,60"
29,MAR,2017,"7,23"
30,MAR,2017,"6,98"
31,MAR,2017,"7,46"
1,APR,2017,"8,88"
2,APR,2017,"9,60"
3,APR,2017,"9,67"
4,APR,2017,"9,26"
5,APR,2017,"8,84"
6,APR,2017,"8,70"
7,APR,2017,"8,78"
8,APR,2017,"9,09"
9,APR,2017,"9,35"
10,APR,2017,"10,00"
11,APR,2017,"10,19"
12,APR,2017,"10,27"
13,APR,2017,"10,42"
14,APR,2017,"10,54"
15,APR,2017,"10,61"
16,APR,2017,"10,53"
17,APR,2017,"10,25"
18,APR,2017,"9,92"
19,APR,2017,"9,60"
20,APR,2017,"9,37"
21,APR,2017,"9,30"
22,APR,2017,"9,82"
23,APR,2017,"9,98"
24,APR,2017,"10,33"
25,APR,2017,"10,56"
26,APR,2017,"10,74"
27,APR,2017,"10,87"
28,APR,2017,"10,79"
29,APR,2017,"10,59"
30,APR,2017,"10,46"
31,APR,2017,
1,MEI,2017,"10,39"
2,MEI,2017,"9,98"
3,MEI,2017,"9,85"
4,MEI,2017,"10,17"
5,MEI,2017,"10,31"
6,MEI,2017,"10,51"
7,MEI,2017,"10,73"
8,MEI,2017,"10,99"
9,MEI,2017,"11,36"
10,MEI,2017,"11,73"
11,MEI,2017,"12,67"
12,MEI,2017,"12,18"
13,MEI,2017,"12,29"
14,MEI,2017,"12,31"
15,MEI,2017,"12,14"
16,MEI,2017,"11,85"
17,MEI,2017,"11,58"
18,MEI,2017,"11,18"
19,MEI,2017,"10,96"
20,MEI,2017,"10,86"
21,MEI,2017,"10,86"
22,MEI,2017,"10,92"
23,MEI,2017,"11,02"
24,MEI,2017,"10,99"
25,MEI,2017,"10,98"
26,MEI,2017,"10,94"
27,MEI,2017,"10,85"
28,MEI,2017,"10,85"
29,MEI,2017,"10,96"
30,MEI,2017,"11,20"
31,MEI,2017,"11,39"
1,JUNI,2017,"11,42"
2,JUNI,2017,"11,58"
3,JUNI,2017,"11,53"
4,JUNI,2017,"11,57"
5,JUNI,2017,"11,50"
6,JUNI,2017,"11,24"
7,JUNI,2017,"10,75"
8,JUNI,2017,"10,21"
9,JUNI,2017,"10,04"
10,JUNI,2017,"9,68"
11,JUNI,2017,"9,36"
12,JUNI,2017,"9,02"
13,JUNI,2017,"9,25"
14,JUNI,2017,"9,51"
15,JUNI,2017,"9,11"
16,JUNI,2017,"8,65"
17,JUNI,2017,"8,43"
18,JUNI,2017,"8,23"
19,JUNI,2017,"8,29"
20,JUNI,2017,"9,63"
21,JUNI,2017,"10,10"
22,JUNI,2017,"10,10"
23,JUNI,2017,"9,58"
24,JUNI,2017,"9,01"
25,JUNI,2017,"8,70"
26,JUNI,2017,"8,58"
27,JUNI,2017,"8,65"
28,JUNI,2017,"8,70"
29,JUNI,2017,"9,01"
30,JUNI,2017,"9,43"
31,JUNI,2017,
1,JULI,2017,"9,15"
2,JULI,2017,"9,55"
3,JULI,2017,"9,93"
4,JULI,2017,"9,78"
5,JULI,2017,"9,34"
6,JULI,2017,"9,10"
7,JULI,2017,"8,89"
8,JULI,2017,"9,20"
9,JULI,2017,"9,26"
10,JULI,2017,"9,27"
11,JULI,2017,"9,31"
12,JULI,2017,"9,46"
13,JULI,2017,"9,86"
14,JULI,2017,"9,77"
15,JULI,2017,"9,78"
16,JULI,2017,"9,94"
17,JULI,2017,"10,02"
18,JULI,2017,"9,82"
19,JULI,2017,"9,27"
20,JULI,2017,"8,65"
21,JULI,2017,"8,15"
22,JULI,2017,"7,66"
23,JULI,2017,"7,30"
24,JULI,2017,"6,97"
25,JULI,2017,"6,88"
26,JULI,2017,"6,91"
27,JULI,2017,"6,50"
28,JULI,2017,"6,10"
29,JULI,2017,"6,37"
30,JULI,2017,"6,54"
31,JULI,2017,"7,20"
1,AGS,2017,"5,77"
2,AGS,2017,"5,66"
3,AGS,2017,"6,37"
4,AGS,2017,"6,28"
5,AGS,2017,"6,16"
6,AGS,2017,"6,37"
7,AGS,2017,"6,52"
8,AGS,2017,"6,61"
9,AGS,2017,"7,54"
10,AGS,2017,"8,23"
11,AGS,2017,"8,61"
12,AGS,2017,"8,23"
13,AGS,2017,"8,94"
14,AGS,2017,"9,68"
15,AGS,2017,"9,91"
16,AGS,2017,"9,89"
17,AGS,2017,"10,00"
18,AGS,2017,"10,28"
19,AGS,2017,"10,59"
20,AGS,2017,"10,86"
21,AGS,2017,"10,38"
22,AGS,2017,"9,70"
23,AGS,2017,"9,74"
24,AGS,2017,"9,73"
25,AGS,2017,"9,39"
26,AGS,2017,"8,67"
27,AGS,2017,"8,45"
28,AGS,2017,"8,80"
29,AGS,2017,"8,15"
30,AGS,2017,"7,31"
31,AGS,2017,"6,83"
1,SEP,2017,"7,74"
2,SEP,2017,"7,83"
3,SEP,2017,"7,17"
4,SEP,2017,"7,08"
5,SEP,2017,"6,48"
6,SEP,2017,"5,75"
7,SEP,2017,"5,31"
8,SEP,2017,"6,17"
9,SEP,2017,"6,41"
10,SEP,2017,"5,75"
11,SEP,2017,"5,14"
12,SEP,2017,"5,22"
13,SEP,2017,"6,17"
14,SEP,2017,"7,63"
15,SEP,2017,"7,97"
16,SEP,2017,"8,01"
17,SEP,2017,"7,36"
18,SEP,2017,"6,85"
19,SEP,2017,"7,80"
20,SEP,2017,"9,19"
21,SEP,2017,"9,35"
22,SEP,2017,"8,45"
23,SEP,2017,"7,11"
24,SEP,2017,"6,10"
25,SEP,2017,"5,82"
26,SEP,2017,"6,78"
27,SEP,2017,"6,92"
28,SEP,2017,"6,14"
29,SEP,2017,"5,96"
30,SEP,2017,"6,01"
31,SEP,2017,
1,OKT,2017,"5,35"
2,OKT,2017,"5,61"
3,OKT,2017,"7,77"
4,OKT,2017,"9,16"
5,OKT,2017,"9,34"
6,OKT,2017,"9,33"
7,OKT,2017,"9,41"
8,OKT,2017,"9,42"
9,OKT,2017,"9,66"
10,OKT,2017,"9,90"
11,OKT,2017,"9,83"
12,OKT,2017,"9,91"
13,OKT,2017,"10,23"
14,OKT,2017,"10,47"
15,OKT,2017,"10,55"
16,OKT,2017,"10,20"
17,OKT,2017,"9,34"
18,OKT,2017,"8,31"
19,OKT,2017,"7,37"
20,OKT,2017,"6,68"
21,OKT,2017,"6,15"
22,OKT,2017,"5,75"
23,OKT,2017,"5,63"
24,OKT,2017,"5,28"
25,OKT,2017,"4,95"
26,OKT,2017,"4,73"
27,OKT,2017,"4,28"
28,OKT,2017,"3,87"
29,OKT,2017,"3,66"
30,OKT,2017,"4,29"
31,OKT,2017,"4,89"
1,NOV,2017,"5,15"
2,NOV,2017,"6,40"
3,NOV,2017,"8,15"
4,NOV,2017,"8,19"
5,NOV,2017,"8,83"
6,NOV,2017,"9,83"
7,NOV,2017,"10,32"
8,NOV,2017,"10,81"
9,NOV,2017,"11,18"
10,NOV,2017,"11,27"
11,NOV,2017,"11,28"
12,NOV,2017,"11,02"
13,NOV,2017,"10,80"
14,NOV,2017,"10,87"
15,NOV,2017,"11,09"
16,NOV,2017,"11,27"
17,NOV,2017,"11,31"
18,NOV,2017,"11,32"
19,NOV,2017,"11,24"
20,NOV,2017,"11,10"
21,NOV,2017,"10,98"
22,NOV,2017,"10,90"
23,NOV,2017,"10,79"
24,NOV,2017,"10,65"
25,NOV,2017,"10,44"
26,NOV,2017,"10,20"
27,NOV,2017,"10,16"
28,NOV,2017,"9,95"
29,NOV,2017,"9,72"
30,NOV,2017,"9,67"
31,NOV,2017,
1,DES,2017,"9,92"
2,DES,2017,"10,29"
3,DES,2017,"10,33"
4,DES,2017,"10,15"
5,DES,2017,"9,72"
6,DES,2017,"9,59"
7,DES,2017,"9,24"
8,DES,2017,"9,09"
9,DES,2017,"8,85"
10,DES,2017,"8,99"
11,DES,2017,"9,46"
12,DES,2017,"9,52"
13,DES,2017,"9,15"
14,DES,2017,"8,68"
15,DES,2017,"8,44"
16,DES,2017,"8,69"
17,DES,2017,"8,56"
18,DES,2017,"8,10"
19,DES,2017,"7,73"
20,DES,2017,"7,59"
21,DES,2017,"7,44"
22,DES,2017,"7,08"
23,DES,2017,"6,62"
24,DES,2017,"6,24"
25,DES,2017,"5,91"
26,DES,2017,"5,60"
27,DES,2017,"5,68"
28,DES,2017,"6,00"
29,DES,2017,"6,62"
30,DES,2017,"6,52"
31,DES,2017,"7,07"
1,JAN,2016,
2,JAN,2016,
3,JAN,2016,
4,JAN,2016,
5,JAN,2016,
6,JAN,2016,
7,JAN,2016,
8,JAN,2016,
9,JAN,2016,
10,JAN,2016,
11,JAN,2016,
12,JAN,2016,
13,JAN,2016,
14,JAN,2016,
15,JAN,2016,
16,JAN,2016,
17,JAN,2016,
18,JAN,2016,
19,JAN,2016,
20,JAN,2016,
21,JAN,2016,
22,JAN,2016,
23,JAN,2016,
24,JAN,2016,
25,JAN,2016,
26,JAN,2016,
27,JAN,2016,
28,JAN,2016,
29,JAN,2016,
30,JAN,2016,
31,JAN,2016,
1,FEB,2016,
2,FEB,2016,
3,FEB,2016,
4,FEB,2016,
5,FEB,2016,
6,FEB,2016,
7,FEB,2016,
8,FEB,2016,
9,FEB,2016,
10,FEB,2016,
11,FEB,2016,
12,FEB,2016,
13,FEB,2016,
14,FEB,2016,
15,FEB,2016,
16,FEB,2016,
17,FEB,2016,
18,FEB,2016,
19,FEB,2016,
20,FEB,2016,
21,FEB,2016,
22,FEB,2016,
23,FEB,2016,
24,FEB,2016,
25,FEB,2016,
26,FEB,2016,
27,FEB,2016,
28,FEB,2016,
29,FEB,2016,
30,FEB,2016,
31,FEB,2016,
1,MAR,2016,
2,MAR,2016,
3,MAR,2016,
4,MAR,2016,
5,MAR,2016,
6,MAR,2016,
7,MAR,2016,
8,MAR,2016,
9,MAR,2016,
10,MAR,2016,
11,MAR,2016,
12,MAR,2016,
13,MAR,2016,
14,MAR,2016,
15,MAR,2016,
16,MAR,2016,
17,MAR,2016,
18,MAR,2016,
19,MAR,2016,
20,MAR,2016,
21,MAR,2016,
22,MAR,2016,
23,MAR,2016,
24,MAR,2016,
25,MAR,2016,
26,MAR,2016,
27,MAR,2016,
28,MAR,2016,
29,MAR,2016,
30,MAR,2016,
31,MAR,2016,
1,APR,2016,
2,APR,2016,
3,APR,2016,
4,APR,2016,
5,APR,2016,
6,APR,2016,
7,APR,2016,
8,APR,2016,
9,APR,2016,
10,APR,2016,
11,APR,2016,
12,APR,2016,
13,APR,2016,
14,APR,2016,
15,APR,2016,
16,APR,2016,
17,APR,2016,
18,APR,2016,
19,APR,2016,
20,APR,2016,
21,APR,2016,
22,APR,2016,
23,APR,2016,
24,APR,2016,
25,APR,2016,
26,APR,2016,
27,APR,2016,
28,APR,2016,
29,APR,2016,
30,APR,2016,
31,APR,2016,
1,MEI,2016,
2,MEI,2016,
3,MEI,2016,
4,MEI,2016,
5,MEI,2016,
6,MEI,2016,
7,MEI,2016,
8,MEI,2016,
9,MEI,2016,
10,MEI,2016,
11,MEI,2016,
12,MEI,2016,
13,MEI,2016,
14,MEI,2016,
15,MEI,2016,
16,MEI,2016,
17,MEI,2016,
18,MEI,2016,
19,MEI,2016,
20,MEI,2016,
21,MEI,2016,
22,MEI,2016,
23,MEI,2016,
24,MEI,2016,
25,MEI,2016,
26,MEI,2016,
27,MEI,2016,
28,MEI,2016,
29,MEI,2016,
30,MEI,2016,
31,MEI,2016,
1,JUNI,2016,
2,JUNI,2016,
3,JUNI,2016,
4,JUNI,2016,
5,JUNI,2016,
6,JUNI,2016,
7,JUNI,2016,
8,JUNI,2016,
9,JUNI,2016,
10,JUNI,2016,
11,JUNI,2016,
12,JUNI,2016,
13,JUNI,2016,
14,JUNI,2016,
15,JUNI,2016,
16,JUNI,2016,
17,JUNI,2016,
18,JUNI,2016,
19,JUNI,2016,
20,JUNI,2016,
21,JUNI,2016,
22,JUNI,2016,
23,JUNI,2016,
24,JUNI,2016,
25,JUNI,2016,
26,JUNI,2016,
27,JUNI,2016,
28,JUNI,2016,
29,JUNI,2016,
30,JUNI,2016,
31,JUNI,2016,
1,JULI,2016,
2,JULI,2016,
3,JULI,2016,
4,JULI,2016,
5,JULI,2016,
6,JULI,2016,
7,JULI,2016,
8,JULI,2016,
9,JULI,2016,
10,JULI,2016,
11,JULI,2016,
12,JULI,2016,
13,JULI,2016,
14,JULI,2016,
15,JULI,2016,
16,JULI,2016,
17,JULI,2016,
18,JULI,2016,
19,JULI,2016,
20,JULI,2016,
21,JULI,2016,
22,JULI,2016,
23,JULI,2016,
24,JULI,2016,
25,JULI,2016,
26,JULI,2016,
27,JULI,2016,
28,JULI,2016,
29,JULI,2016,
30,JULI,2016,
31,JULI,2016,
1,AGS,2016,
2,AGS,2016,
3,AGS,2016,
4,AGS,2016,
5,AGS,2016,
6,AGS,2016,
7,AGS,2016,
8,AGS,2016,
9,AGS,2016,
10,AGS,2016,
11,AGS,2016,
12,AGS,2016,
13,AGS,2016,
14,AGS,2016,
15,AGS,2016,
16,AGS,2016,
17,AGS,2016,
18,AGS,2016,
19,AGS,2016,
20,AGS,2016,
21,AGS,2016,
22,AGS,2016,
23,AGS,2016,
24,AGS,2016,
25,AGS,2016,
26,AGS,2016,
27,AGS,2016,
28,AGS,2016,
29,AGS,2016,
30,AGS,2016,
31,AGS,2016,
1,SEP,2016,
2,SEP,2016,
3,SEP,2016,
4,SEP,2016,
5,SEP,2016,
6,SEP,2016,
7,SEP,2016,
8,SEP,2016,
9,SEP,2016,
10,SEP,2016,
11,SEP,2016,
12,SEP,2016,
13,SEP,2016,
14,SEP,2016,
15,SEP,2016,
16,SEP,2016,
17,SEP,2016,
18,SEP,2016,
19,SEP,2016,
20,SEP,2016,
21,SEP,2016,
22,SEP,2016,
23,SEP,2016,
24,SEP,2016,
25,SEP,2016,
26,SEP,2016,
27,SEP,2016,
28,SEP,2016,
29,SEP,2016,
30,SEP,2016,
31,SEP,2016,
1,OKT,2016,
2,OKT,2016,
3,OKT,2016,
4,OKT,2016,
5,OKT,2016,
6,OKT,2016,
7,OKT,2016,
8,OKT,2016,
9,OKT,2016,
10,OKT,2016,
11,OKT,2016,
12,OKT,2016,
13,OKT,2016,
14,OKT,2016,
15,OKT,2016,
16,OKT,2016,
17,OKT,2016,
18,OKT,2016,
19,OKT,2016,
20,OKT,2016,
21,OKT,2016,
22,OKT,2016,
23,OKT,2016,
24,OKT,2016,
25,OKT,2016,
26,OKT,2016,
27,OKT,2016,
28,OKT,2016,
29,OKT,2016,
30,OKT,2016,
31,OKT,2016,
1,NOV,2016,
2,NOV,2016,
3,NOV,2016,
4,NOV,2016,
5,NOV,2016,
6,NOV,2016,
7,NOV,2016,
8,NOV,2016,
9,NOV,2016,
10,NOV,2016,
11,NOV,2016,
12,NOV,2016,
13,NOV,2016,
14,NOV,2016,
15,NOV,2016,
16,NOV,2016,
17,NOV,2016,
18,NOV,2016,
19,NOV,2016,
20,NOV,2016,
21,NOV,2016,
22,NOV,2016,
23,NOV,2016,
24,NOV,2016,
25,NOV,2016,
26,NOV,2016,
27,NOV,2016,
28,NOV,2016,
29,NOV,2016,
30,NOV,2016,
31,NOV,2016,
1,DES,2016,
2,DES,2016,
3,DES,2016,
4,DES,2016,
5,DES,2016,
6,DES,2016,
7,DES,2016,
8,DES,2016,
9,DES,2016,
10,DES,2016,
11,DES,2016,
12,DES,2016,
13,DES,2016,
14,DES,2016,
15,DES,2016,
16,DES,2016,
17,DES,2016,
18,DES,2016,
19,DES,2016,
20,DES,2016,
21,DES,2016,
22,DES,2016,
23,DES,2016,
24,DES,2016,
25,DES,2016,
26,DES,2016,
27,DES,2016,
28,DES,2016,
29,DES,2016,
30,DES,2016,
31,DES,2016,
1,JAN,2015,"15,63"
2,JAN,2015,"14,92"
3,JAN,2015,"14,65"
4,JAN,2015,"14,30"
5,JAN,2015,"13,77"
6,JAN,2015,"13,17"
7,JAN,2015,"13,63"
8,JAN,2015,"14,17"
9,JAN,2015,"14,67"
10,JAN,2015,"14,95"
11,JAN,2015,"14,80"
12,JAN,2015,"14,38"
13,JAN,2015,"13,85"
14,JAN,2015,"13,41"
15,JAN,2015,"13,11"
16,JAN,2015,"13,05"
17,JAN,2015,"13,32"
18,JAN,2015,"14,00"
19,JAN,2015,"14,87"
20,JAN,2015,"15,75"
21,JAN,2015,"16,03"
22,JAN,2015,"16,07"
23,JAN,2015,"16,01"
24,JAN,2015,"15,96"
25,JAN,2015,"15,96"
26,JAN,2015,"16,04"
27,JAN,2015,"16,28"
28,JAN,2015,"16,65"
29,JAN,2015,"16,51"
30,JAN,2015,"16,24"
31,JAN,2015,"16,05"
1,FEB,2015,"15,89"
2,FEB,2015,"15,78"
3,FEB,2015,"15,75"
4,FEB,2015,"15,77"
5,FEB,2015,"15,74"
6,FEB,2015,"15,95"
7,FEB,2015,"16,22"
8,FEB,2015,"16,62"
9,FEB,2015,"17,09"
10,FEB,2015,"17,58"
11,FEB,2015,"17,75"
12,FEB,2015,"17,60"
13,FEB,2015,"17,48"
14,FEB,2015,"17,48"
15,FEB,2015,"17,57"
16,FEB,2015,"17,49"
17,FEB,2015,"17,24"
18,FEB,2015,"16,95"
19,FEB,2015,"16,75"
20,FEB,2015,"16,64"
21,FEB,2015,"16,55"
22,FEB,2015,"16,20"
23,FEB,2015,"15,80"
24,FEB,2015,"15,40"
25,FEB,2015,"15,01"
26,FEB,2015,"14,71"
27,FEB,2015,"14,40"
28,FEB,2015,"14,05"
29,FEB,2015,
30,FEB,2015,
31,FEB,2015,
1,MAR,2015,"13,89"
2,MAR,2015,"13,59"
3,MAR,2015,"13,67"
4,MAR,2015,"14,00"
5,MAR,2015,"14,40"
6,MAR,2015,"14,71"
7,MAR,2015,"14,89"
8,MAR,2015,"15,09"
9,MAR,2015,"15,25"
10,MAR,2015,"15,49"
11,MAR,2015,"15,50"
12,MAR,2015,"15,10"
13,MAR,2015,"14,65"
14,MAR,2015,"14,18"
15,MAR,2015,"14,03"
16,MAR,2015,"13,89"
17,MAR,2015,"13,95"
18,MAR,2015,"14,11"
19,MAR,2015,"14,71"
20,MAR,2015,"14,82"
21,MAR,2015,"14,55"
22,MAR,2015,"14,45"
23,MAR,2015,"14,65"
24,MAR,2015,"14,76"
25,MAR,2015,"14,40"
26,MAR,2015,"14,70"
27,MAR,2015,"14,68"
28,MAR,2015,"13,85"
29,MAR,2015,"12,89"
30,MAR,2015,"12,36"
31,MAR,2015,"12,15"
1,APR,2015,"12,30"
2,APR,2015,"12,68"
3,APR,2015,"13,25"
4,APR,2015,"14,75"
5,APR,2015,"15,02"
6,APR,2015,"14,79"
7,APR,2015,"14,19"
8,APR,2015,"13,50"
9,APR,2015,"12,85"
10,APR,2015,"12,23"
11,APR,2015,"11,74"
12,APR,2015,"12,47"
13,APR,2015,"14,27"
14,APR,2015,"15,00"
15,APR,2015,"15,11"
16,APR,2015,"14,54"
17,APR,2015,"13,52"
18,APR,2015,"13,15"
19,APR,2015,"13,17"
20,APR,2015,"13,11"
21,APR,2015,"13,62"
22,APR,2015,"13,98"
23,APR,2015,"13,73"
24,APR,2015,"13,96"
25,APR,2015,"14,61"
26,APR,2015,"15,05"
27,APR,2015,"14,85"
28,APR,2015,"14,75"
29,APR,2015,"14,60"
30,APR,2015,"14,39"
31,APR,2015,
1,MEI,2015,"14,13"
2,MEI,2015,"13,89"
3,MEI,2015,"13,85"
4,MEI,2015,"13,86"
5,MEI,2015,"14,17"
6,MEI,2015,"14,27"
7,MEI,2015,"13,54"
8,MEI,2015,"12,95"
9,MEI,2015,"12,85"
10,MEI,2015,"13,30"
11,MEI,2015,"14,16"
12,MEI,2015,"13,82"
13,MEI,2015,"12,97"
14,MEI,2015,"13,31"
15,MEI,2015,"14,31"
16,MEI,2015,"15,26"
17,MEI,2015,"15,70"
18,MEI,2015,"15,85"
19,MEI,2015,"15,45"
20,MEI,2015,"15,19"
21,MEI,2015,"14,60"
22,MEI,2015,"14,17"
23,MEI,2015,"14,46"
24,MEI,2015,"15,35"
25,MEI,2015,"15,85"
26,MEI,2015,"15,85"
27,MEI,2015,"15,55"
28,MEI,2015,"15,01"
29,MEI,2015,"14,81"
30,MEI,2015,"14,65"
31,MEI,2015,"14,51"
1,JUNI,2015,"14,55"
2,JUNI,2015,"13,91"
3,JUNI,2015,"14,09"
4,JUNI,2015,"14,00"
5,JUNI,2015,"13,57"
6,JUNI,2015,"13,09"
7,JUNI,2015,"12,65"
8,JUNI,2015,"12,09"
9,JUNI,2015,"11,89"
10,JUNI,2015,"12,20"
11,JUNI,2015,"12,69"
12,JUNI,2015,"13,59"
13,JUNI,2015,"14,25"
14,JUNI,2015,"15,17"
15,JUNI,2015,"15,80"
16,JUNI,2015,"16,05"
17,JUNI,2015,"16,23"
18,JUNI,2015,"16,33"
19,JUNI,2015,"16,34"
20,JUNI,2015,"16,10"
21,JUNI,2015,"15,53"
22,JUNI,2015,"14,79"
23,JUNI,2015,"13,99"
24,JUNI,2015,"14,15"
25,JUNI,2015,"14,25"
26,JUNI,2015,"14,25"
27,JUNI,2015,"13,82"
28,JUNI,2015,"13,15"
29,JUNI,2015,"12,65"
30,JUNI,2015,"12,45"
31,JUNI,2015,
1,JULI,2015,"12,47"
2,JULI,2015,"12,37"
3,JULI,2015,"11,77"
4,JULI,2015,"10,94"
5,JULI,2015,"10,60"
6,JULI,2015,"10,22"
7,JULI,2015,"9,90"
8,JULI,2015,"9,71"
9,JULI,2015,"9,49"
10,JULI,2015,"9,22"
11,JULI,2015,"8,95"
12,JULI,2015,"8,80"
13,JULI,2015,"8,62"
14,JULI,2015,"8,55"
15,JULI,2015,"8,50"
16,JULI,2015,"8,50"
17,JULI,2015,"8,50"
18,JULI,2015,"8,50"
19,JULI,2015,"8,50"
20,JULI,2015,"8,50"
21,JULI,2015,"8,50"
22,JULI,2015,"8,50"
23,JULI,2015,"8,50"
24,JULI,2015,"8,50"
25,JULI,2015,"8,50"
26,JULI,2015,"8,59"
27,JULI,2015,"8,80"
28,JULI,2015,"9,10"
29,JULI,2015,"9,38"
30,JULI,2015,"9,60"
31,JULI,2015,"9,87"
1,AGS,2015,"10,15"
2,AGS,2015,"10,63"
3,AGS,2015,"11,09"
4,AGS,2015,"10,68"
5,AGS,2015,"9,97"
6,AGS,2015,"9,61"
7,AGS,2015,"9,35"
8,AGS,2015,"9,15"
9,AGS,2015,"8,95"
10,AGS,2015,"8,75"
11,AGS,2015,"8,55"
12,AGS,2015,"8,50"
13,AGS,2015,"8,55"
14,AGS,2015,"8,62"
15,AGS,2015,"8,62"
16,AGS,2015,"8,72"
17,AGS,2015,"8,68"
18,AGS,2015,"8,60"
19,AGS,2015,"8,50"
20,AGS,2015,"8,44"
21,AGS,2015,"8,36"
22,AGS,2015,"8,28"
23,AGS,2015,"8,15"
24,AGS,2015,"8,00"
25,AGS,2015,"7,62"
26,AGS,2015,"7,82"
27,AGS,2015,"7,76"
28,AGS,2015,"7,76"
29,AGS,2015,"7,80"
30,AGS,2015,"7,81"
31,AGS,2015,"7,81"
1,SEP,2015,"7,92"
2,SEP,2015,"8,00"
3,SEP,2015,"8,09"
4,SEP,2015,"8,24"
5,SEP,2015,"8,42"
6,SEP,2015,"8,49"
7,SEP,2015,"8,52"
8,SEP,2015,"8,52"
9,SEP,2015,"8,52"
10,SEP,2015,"8,48"
11,SEP,2015,"8,40"
12,SEP,2015,"8,34"
13,SEP,2015,"8,28"
14,SEP,2015,"8,20"
15,SEP,2015,"8,09"
16,SEP,2015,"7,96"
17,SEP,2015,"7,86"
18,SEP,2015,"7,78"
19,SEP,2015,"7,76"
20,SEP,2015,"7,80"
21,SEP,2015,"7,83"
22,SEP,2015,"7,76"
23,SEP,2015,"7,70"
24,SEP,2015,"7,72"
25,SEP,2015,"7,70"
26,SEP,2015,"7,68"
27,SEP,2015,"7,71"
28,SEP,2015,"7,93"
29,SEP,2015,"8,26"
30,SEP,2015,"8,57"
31,SEP,2015,
1,OKT,2015,"8,65"
2,OKT,2015,"8,45"
3,OKT,2015,"8,25"
4,OKT,2015,"8,05"
5,OKT,2015,"7,85"
6,OKT,2015,"7,65"
7,OKT,2015,"7,60"
8,OKT,2015,"7,75"
9,OKT,2015,"8,03"
10,OKT,2015,"8,10"
11,OKT,2015,"8,43"
12,OKT,2015,"8,71"
13,OKT,2015,"9,01"
14,OKT,2015,"9,44"
15,OKT,2015,"9,44"
16,OKT,2015,"9,01"
17,OKT,2015,"8,63"
18,OKT,2015,"8,35"
19,OKT,2015,"8,02"
20,OKT,2015,"7,79"
21,OKT,2015,"7,76"
22,OKT,2015,"7,79"
23,OKT,2015,"7,80"
24,OKT,2015,"7,84"
25,OKT,2015,"7,82"
26,OKT,2015,"7,85"
27,OKT,2015,"7,94"
28,OKT,2015,"8,08"
29,OKT,2015,"8,10"
30,OKT,2015,"7,98"
31,OKT,2015,"7,89"
1,NOV,2015,"7,91"
2,NOV,2015,"7,95"
3,NOV,2015,"7,95"
4,NOV,2015,"8,10"
5,NOV,2015,"8,29"
6,NOV,2015,"8,51"
7,NOV,2015,"8,63"
8,NOV,2015,"8,78"
9,NOV,2015,"9,39"
10,NOV,2015,"33,14"
11,NOV,2015,"11,89"
12,NOV,2015,"12,67"
13,NOV,2015,"12,43"
14,NOV,2015,"11,70"
15,NOV,2015,"11,12"
16,NOV,2015,"10,79"
17,NOV,2015,"10,84"
18,NOV,2015,"11,19"
19,NOV,2015,"11,49"
20,NOV,2015,"12,01"
21,NOV,2015,"13,18"
22,NOV,2015,"12,57"
23,NOV,2015,"12,17"
24,NOV,2015,"12,52"
25,NOV,2015,"13,67"
26,NOV,2015,"15,03"
27,NOV,2015,"14,89"
28,NOV,2015,"13,77"
29,NOV,2015,"13,39"
30,NOV,2015,"13,08"
31,NOV,2015,
1,DES,2015,"12,15"
2,DES,2015,"11,51"
3,DES,2015,"12,55"
4,DES,2015,"14,16"
5,DES,2015,"14,41"
6,DES,2015,"13,74"
7,DES,2015,"13,56"
8,DES,2015,"13,39"
9,DES,2015,"12,71"
10,DES,2015,"11,92"
11,DES,2015,"11,50"
12,DES,2015,"11,58"
13,DES,2015,"12,85"
14,DES,2015,"13,12"
15,DES,2015,"13,39"
16,DES,2015,"13,47"
17,DES,2015,"13,11"
18,DES,2015,"13,06"
19,DES,2015,"13,15"
20,DES,2015,"13,65"
21,DES,2015,"12,91"
22,DES,2015,"11,82"
23,DES,2015,"11,12"
24,DES,2015,"10,38"
25,DES,2015,"10,26"
26,DES,2015,"10,57"
27,DES,2015,"10,63"
28,DES,2015,"10,42"
29,DES,2015,"10,10"
30,DES,2015,"10,46"
31,DES,2015,"10,71"
1,JAN,2014,"16,16"
2,JAN,2014,"16,15"
3,JAN,2014,"15,95"
4,JAN,2014,"15,85"
5,JAN,2014,"16,11"
6,JAN,2014,"16,59"
7,JAN,2014,"16,92"
8,JAN,2014,"17,00"
9,JAN,2014,"17,07"
10,JAN,2014,"16,98"
11,JAN,2014,"16,95"
12,JAN,2014,"17,95"
13,JAN,2014,"16,86"
14,JAN,2014,"16,63"
15,JAN,2014,"16,11"
16,JAN,2014,"15,80"
17,JAN,2014,"15,67"
18,JAN,2014,"15,26"
19,JAN,2014,"14,75"
20,JAN,2014,"14,26"
21,JAN,2014,"13,81"
22,JAN,2014,"13,42"
23,JAN,2014,"13,15"
24,JAN,2014,"12,95"
25,JAN,2014,"12,72"
26,JAN,2014,"12,40"
27,JAN,2014,"12,07"
28,JAN,2014,"11,88"
29,JAN,2014,"11,69"
30,JAN,2014,"11,51"
31,JAN,2014,"11,40"
1,FEB,2014,"11,23"
2,FEB,2014,"10,91"
3,FEB,2014,"10,45"
4,FEB,2014,"10,11"
5,FEB,2014,"9,95"
6,FEB,2014,"9,79"
7,FEB,2014,"9,65"
8,FEB,2014,"9,45"
9,FEB,2014,"9,83"
10,FEB,2014,"11,53"
11,FEB,2014,"13,28"
12,FEB,2014,"13,07"
13,FEB,2014,"12,30"
14,FEB,2014,"11,51"
15,FEB,2014,"10,70"
16,FEB,2014,"10,02"
17,FEB,2014,"10,02"
18,FEB,2014,"9,98"
19,FEB,2014,"9,86"
20,FEB,2014,"9,69"
21,FEB,2014,"9,37"
22,FEB,2014,"9,31"
23,FEB,2014,"10,07"
24,FEB,2014,"10,06"
25,FEB,2014,"9,98"
26,FEB,2014,"9,87"
27,FEB,2014,"9,78"
28,FEB,2014,"9,79"
29,FEB,2014,
30,FEB,2014,
31,FEB,2014,
1,MAR,2014,"10,17"
2,MAR,2014,"10,87"
3,MAR,2014,"10,89"
4,MAR,2014,"11,11"
5,MAR,2014,"11,67"
6,MAR,2014,"12,42"
7,MAR,2014,"13,14"
8,MAR,2014,"13,00"
9,MAR,2014,"12,53"
10,MAR,2014,"11,98"
11,MAR,2014,"12,17"
12,MAR,2014,"11,89"
13,MAR,2014,"10,83"
14,MAR,2014,"10,37"
15,MAR,2014,"10,10"
16,MAR,2014,"10,65"
17,MAR,2014,"11,01"
18,MAR,2014,"10,72"
19,MAR,2014,"10,13"
20,MAR,2014,"9,60"
21,MAR,2014,"9,80"
22,MAR,2014,"10,07"
23,MAR,2014,"10,08"
24,MAR,2014,"9,98"
25,MAR,2014,"9,89"
26,MAR,2014,"9,97"
27,MAR,2014,"10,10"
28,MAR,2014,"10,36"
29,MAR,2014,"11,15"
30,MAR,2014,"12,25"
31,MAR,2014,"12,12"
1,APR,2014,"11,90"
2,APR,2014,"11,64"
3,APR,2014,"11,90"
4,APR,2014,"12,59"
5,APR,2014,"13,12"
6,APR,2014,"14,30"
7,APR,2014,"15,50"
8,APR,2014,"15,99"
9,APR,2014,"16,28"
10,APR,2014,"16,14"
11,APR,2014,"15,78"
12,APR,2014,"15,06"
13,APR,2014,"14,60"
14,APR,2014,"14,24"
15,APR,2014,"13,95"
16,APR,2014,"13,74"
17,APR,2014,"13,49"
18,APR,2014,"13,11"
19,APR,2014,"13,31"
20,APR,2014,"14,44"
21,APR,2014,"14,45"
22,APR,2014,"14,15"
23,APR,2014,"14,80"
24,APR,2014,"15,30"
25,APR,2014,"15,24"
26,APR,2014,"15,16"
27,APR,2014,"15,04"
28,APR,2014,"14,74"
29,APR,2014,"14,37"
30,APR,2014,"14,90"
31,APR,2014,
1,MEI,2014,"15,23"
2,MEI,2014,"15,15"
3,MEI,2014,"14,88"
4,MEI,2014,"14,69"
5,MEI,2014,"14,23"
6,MEI,2014,"13,70"
7,MEI,2014,"13,10"
8,MEI,2014,"12,66"
9,MEI,2014,"12,05"
10,MEI,2014,"11,89"
11,MEI,2014,"11,78"
12,MEI,2014,"12,19"
13,MEI,2014,"13,34"
14,MEI,2014,"13,89"
15,MEI,2014,"13,29"
16,MEI,2014,"13,12"
17,MEI,2014,"13,79"
18,MEI,2014,"13,78"
19,MEI,2014,"13,58"
20,MEI,2014,"13,40"
21,MEI,2014,"14,61"
22,MEI,2014,"15,01"
23,MEI,2014,"14,60"
24,MEI,2014,"13,82"
25,MEI,2014,"13,76"
26,MEI,2014,"14,64"
27,MEI,2014,"14,27"
28,MEI,2014,"13,60"
29,MEI,2014,"13,20"
30,MEI,2014,"12,89"
31,MEI,2014,"12,65"
1,JUNI,2014,"12,80"
2,JUNI,2014,"13,89"
3,JUNI,2014,"14,09"
4,JUNI,2014,"13,83"
5,JUNI,2014,"13,82"
6,JUNI,2014,"13,66"
7,JUNI,2014,"13,43"
8,JUNI,2014,"13,13"
9,JUNI,2014,"12,81"
10,JUNI,2014,"12,70"
11,JUNI,2014,"13,15"
12,JUNI,2014,"13,82"
13,JUNI,2014,"14,41"
14,JUNI,2014,"13,84"
15,JUNI,2014,"13,22"
16,JUNI,2014,"12,26"
17,JUNI,2014,"11,31"
18,JUNI,2014,"10,74"
19,JUNI,2014,"10,55"
20,JUNI,2014,"10,75"
21,JUNI,2014,"10,66"
22,JUNI,2014,"10,45"
23,JUNI,2014,"10,25"
24,JUNI,2014,"10,03"
25,JUNI,2014,"9,81"
26,JUNI,2014,"9,95"
27,JUNI,2014,"10,15"
28,JUNI,2014,"10,40"
29,JUNI,2014,"10,86"
30,JUNI,2014,"11,37"
31,JUNI,2014,
1,JULI,2014,"11,18"
2,JULI,2014,"10,59"
3,JULI,2014,"10,16"
4,JULI,2014,"9,88"
5,JULI,2014,"9,66"
6,JULI,2014,"9,58"
7,JULI,2014,"9,43"
8,JULI,2014,"9,42"
9,JULI,2014,"9,42"
10,JULI,2014,"9,73"
11,JULI,2014,"10,50"
12,JULI,2014,"10,44"
13,JULI,2014,"10,63"
14,JULI,2014,"12,18"
15,JULI,2014,"13,37"
16,JULI,2014,"12,77"
17,JULI,2014,"11,65"
18,JULI,2014,"11,68"
19,JULI,2014,"12,59"
20,JULI,2014,"13,31"
21,JULI,2014,"13,77"
22,JULI,2014,"14,50"
23,JULI,2014,"14,55"
24,JULI,2014,"14,22"
25,JULI,2014,"13,77"
26,JULI,2014,"13,63"
27,JULI,2014,"14,29"
28,JULI,2014,"14,77"
29,JULI,2014,"15,31"
30,JULI,2014,"15,32"
31,JULI,2014,"14,98"
1,AGS,2014,"14,59"
2,AGS,2014,"13,95"
3,AGS,2014,"13,55"
4,AGS,2014,"12,87"
5,AGS,2014,"12,23"
6,AGS,2014,"11,58"
7,AGS,2014,"11,13"
8,AGS,2014,"10,78"
9,AGS,2014,"10,36"
10,AGS,2014,"10,00"
11,AGS,2014,"9,72"
12,AGS,2014,"9,37"
13,AGS,2014,"9,00"
14,AGS,2014,"8,78"
15,AGS,2014,"9,98"
16,AGS,2014,"10,92"
17,AGS,2014,"10,88"
18,AGS,2014,"10,94"
19,AGS,2014,"10,43"
20,AGS,2014,"10,18"
21,AGS,2014,"11,08"
22,AGS,2014,"12,19"
23,AGS,2014,"11,83"
24,AGS,2014,"11,31"
25,AGS,2014,"10,62"
26,AGS,2014,"10,84"
27,AGS,2014,"11,63"
28,AGS,2014,"11,69"
29,AGS,2014,"11,14"
30,AGS,2014,"10,94"
31,AGS,2014,"11,02"
1,SEP,2014,"10,58"
2,SEP,2014,"10,08"
3,SEP,2014,"10,06"
4,SEP,2014,"11,30"
5,SEP,2014,"13,60"
6,SEP,2014,"14,45"
7,SEP,2014,"14,59"
8,SEP,2014,"14,15"
9,SEP,2014,"13,02"
10,SEP,2014,"13,99"
11,SEP,2014,"15,17"
12,SEP,2014,"15,28"
13,SEP,2014,"15,26"
14,SEP,2014,"15,05"
15,SEP,2014,"14,35"
16,SEP,2014,"13,62"
17,SEP,2014,"12,83"
18,SEP,2014,"12,38"
19,SEP,2014,"12,53"
20,SEP,2014,"12,69"
21,SEP,2014,"12,44"
22,SEP,2014,"12,74"
23,SEP,2014,"13,22"
24,SEP,2014,"13,45"
25,SEP,2014,"13,89"
26,SEP,2014,"13,12"
27,SEP,2014,"12,54"
28,SEP,2014,"13,47"
29,SEP,2014,"14,66"
30,SEP,2014,"14,58"
31,SEP,2014,
1,OKT,2014,"8,86"
2,OKT,2014,"8,80"
3,OKT,2014,"8,78"
4,OKT,2014,"8,78"
5,OKT,2014,"8,53"
6,OKT,2014,"8,64"
7,OKT,2014,"8,64"
8,OKT,2014,"8,72"
9,OKT,2014,"8,57"
10,OKT,2014,"8,41"
11,OKT,2014,"8,42"
12,OKT,2014,"8,33"
13,OKT,2014,"8,19"
14,OKT,2014,"8,21"
15,OKT,2014,"8,20"
16,OKT,2014,"8,20"
17,OKT,2014,"8,24"
18,OKT,2014,"8,24"
19,OKT,2014,"8,24"
20,OKT,2014,"8,24"
21,OKT,2014,"8,29"
22,OKT,2014,"8,34"
23,OKT,2014,"8,37"
24,OKT,2014,"8,50"
25,OKT,2014,"9,01"
26,OKT,2014,"9,84"
27,OKT,2014,"9,51"
28,OKT,2014,"9,12"
29,OKT,2014,"8,92"
30,OKT,2014,"9,27"
31,OKT,2014,"9,45"
1,NOV,2014,"9,25"
2,NOV,2014,"9,06"
3,NOV,2014,"9,15"
4,NOV,2014,"9,51"
5,NOV,2014,"10,15"
6,NOV,2014,"10,59"
7,NOV,2014,"10,25"
8,NOV,2014,"10,55"
9,NOV,2014,"11,10"
10,NOV,2014,"13,10"
11,NOV,2014,"13,09"
12,NOV,2014,"12,50"
13,NOV,2014,"12,34"
14,NOV,2014,"12,74"
15,NOV,2014,"14,07"
16,NOV,2014,"15,55"
17,NOV,2014,"15,98"
18,NOV,2014,"16,33"
19,NOV,2014,"16,35"
20,NOV,2014,"16,17"
21,NOV,2014,"16,05"
22,NOV,2014,"16,52"
23,NOV,2014,"15,40"
24,NOV,2014,"14,79"
25,NOV,2014,"14,30"
26,NOV,2014,"13,60"
27,NOV,2014,"12,89"
28,NOV,2014,"13,06"
29,NOV,2014,"13,55"
30,NOV,2014,"13,86"
31,NOV,2014,
1,DES,2014,"14,39"
2,DES,2014,"14,89"
3,DES,2014,"14,40"
4,DES,2014,"14,01"
5,DES,2014,"14,89"
6,DES,2014,"14,75"
7,DES,2014,"14,50"
8,DES,2014,"14,15"
9,DES,2014,"14,03"
10,DES,2014,"13,94"
11,DES,2014,"13,78"
12,DES,2014,"13,30"
13,DES,2014,"12,95"
14,DES,2014,"12,78"
15,DES,2014,"12,08"
16,DES,2014,"13,13"
17,DES,2014,"14,13"
18,DES,2014,"14,49"
19,DES,2014,"14,87"
20,DES,2014,"15,01"
21,DES,2014,"14,95"
22,DES,2014,"14,65"
23,DES,2014,"13,92"
24,DES,2014,"13,85"
25,DES,2014,"15,20"
26,DES,2014,"15,55"
27,DES,2014,"16,19"
28,DES,2014,"15,65"
29,DES,2014,"15,59"
30,DES,2014,"16,01"
31,DES,2014,"15,91"
1,JAN,2013,"7,81"
2,JAN,2013,"8,30"
3,JAN,2013,"9,61"
4,JAN,2013,"9,88"
5,JAN,2013,"9,79"
6,JAN,2013,"9,61"
7,JAN,2013,"9,55"
8,JAN,2013,"9,20"
9,JAN,2013,"8,35"
10,JAN,2013,"7,54"
11,JAN,2013,"6,87"
12,JAN,2013,"6,49"
13,JAN,2013,"6,15"
14,JAN,2013,"5,79"
15,JAN,2013,"5,55"
16,JAN,2013,"5,35"
17,JAN,2013,"5,12"
18,JAN,2013,"4,74"
19,JAN,2013,"4,43"
20,JAN,2013,"4,34"
21,JAN,2013,"4,69"
22,JAN,2013,"4,83"
23,JAN,2013,"4,91"
24,JAN,2013,"4,81"
25,JAN,2013,"4,89"
26,JAN,2013,"5,35"
27,JAN,2013,"5,85"
28,JAN,2013,"5,97"
29,JAN,2013,"5,95"
30,JAN,2013,"6,07"
31,JAN,2013,"6,30"
1,FEB,2013,"6,61"
2,FEB,2013,"6,99"
3,FEB,2013,"7,19"
4,FEB,2013,"6,83"
5,FEB,2013,"6,35"
6,FEB,2013,"5,98"
7,FEB,2013,"5,73"
8,FEB,2013,"5,94"
9,FEB,2013,"6,26"
10,FEB,2013,"7,31"
11,FEB,2013,"8,98"
12,FEB,2013,"9,84"
13,FEB,2013,"9,87"
14,FEB,2013,"9,69"
15,FEB,2013,"9,47"
16,FEB,2013,"9,40"
17,FEB,2013,"9,80"
18,FEB,2013,"10,16"
19,FEB,2013,"10,16"
20,FEB,2013,"10,11"
21,FEB,2013,"10,04"
22,FEB,2013,"9,90"
23,FEB,2013,"9,55"
24,FEB,2013,"9,09"
25,FEB,2013,"8,69"
26,FEB,2013,"8,03"
27,FEB,2013,"7,64"
28,FEB,2013,"7,29"
29,FEB,2013,
30,FEB,2013,
31,FEB,2013,
1,MAR,2013,"7,56"
2,MAR,2013,"8,01"
3,MAR,2013,"7,78"
4,MAR,2013,"7,54"
5,MAR,2013,"7,93"
6,MAR,2013,"7,66"
7,MAR,2013,"7,55"
8,MAR,2013,"8,03"
9,MAR,2013,"8,98"
10,MAR,2013,"9,51"
11,MAR,2013,"9,19"
12,MAR,2013,"9,05"
13,MAR,2013,"9,36"
14,MAR,2013,"9,91"
15,MAR,2013,"10,26"
16,MAR,2013,"10,22"
17,MAR,2013,"10,00"
18,MAR,2013,"9,79"
19,MAR,2013,"10,03"
20,MAR,2013,"10,21"
21,MAR,2013,"10,40"
22,MAR,2013,"10,67"
23,MAR,2013,"10,84"
24,MAR,2013,"10,93"
25,MAR,2013,"10,80"
26,MAR,2013,"10,59"
27,MAR,2013,"10,71"
28,MAR,2013,"10,66"
29,MAR,2013,"10,64"
30,MAR,2013,"10,72"
31,MAR,2013,"10,77"
1,APR,2013,"10,93"
2,APR,2013,"11,11"
3,APR,2013,"10,99"
4,APR,2013,"11,10"
5,APR,2013,"11,18"
6,APR,2013,"11,28"
7,APR,2013,"11,44"
8,APR,2013,"11,56"
9,APR,2013,"11,66"
10,APR,2013,"11,71"
11,APR,2013,"11,28"
12,APR,2013,"10,86"
13,APR,2013,"10,52"
14,APR,2013,"10,28"
15,APR,2013,"10,37"
16,APR,2013,"10,34"
17,APR,2013,"10,19"
18,APR,2013,"9,96"
19,APR,2013,"9,87"
20,APR,2013,"10,22"
21,APR,2013,"10,15"
22,APR,2013,"9,97"
23,APR,2013,"10,02"
24,APR,2013,"10,12"
25,APR,2013,"10,23"
26,APR,2013,"10,35"
27,APR,2013,"10,17"
28,APR,2013,"10,25"
29,APR,2013,"10,28"
30,APR,2013,"10,19"
31,APR,2013,
1,MEI,2013,"10,20"
2,MEI,2013,"10,05"
3,MEI,2013,"10,04"
4,MEI,2013,"10,05"
5,MEI,2013,"9,79"
6,MEI,2013,"9,20"
7,MEI,2013,"8,69"
8,MEI,2013,"8,47"
9,MEI,2013,"8,85"
10,MEI,2013,"9,83"
11,MEI,2013,"10,31"
12,MEI,2013,"10,71"
13,MEI,2013,"11,29"
14,MEI,2013,"11,57"
15,MEI,2013,"11,32"
16,MEI,2013,"11,15"
17,MEI,2013,"11,08"
18,MEI,2013,"10,95"
19,MEI,2013,"10,76"
20,MEI,2013,"10,66"
21,MEI,2013,"10,56"
22,MEI,2013,"10,42"
23,MEI,2013,"10,36"
24,MEI,2013,"10,28"
25,MEI,2013,"10,22"
26,MEI,2013,"10,13"
27,MEI,2013,"10,19"
28,MEI,2013,"10,34"
29,MEI,2013,"10,43"
30,MEI,2013,"10,56"
31,MEI,2013,"10,72"
1,JUNI,2013,"10,74"
2,JUNI,2013,"10,55"
3,JUNI,2013,"10,21"
4,JUNI,2013,"9,66"
5,JUNI,2013,"9,32"
6,JUNI,2013,"9,30"
7,JUNI,2013,"9,39"
8,JUNI,2013,"9,91"
9,JUNI,2013,"10,04"
10,JUNI,2013,"9,89"
11,JUNI,2013,"9,53"
12,JUNI,2013,"9,07"
13,JUNI,2013,"8,91"
14,JUNI,2013,"8,79"
15,JUNI,2013,"8,43"
16,JUNI,2013,"8,11"
17,JUNI,2013,"7,51"
18,JUNI,2013,"7,29"
19,JUNI,2013,"7,02"
20,JUNI,2013,"6,75"
21,JUNI,2013,"6,56"
22,JUNI,2013,"6,34"
23,JUNI,2013,"6,09"
24,JUNI,2013,"5,82"
25,JUNI,2013,"5,45"
26,JUNI,2013,"5,85"
27,JUNI,2013,"6,32"
28,JUNI,2013,"6,15"
29,JUNI,2013,"6,02"
30,JUNI,2013,"6,10"
31,JUNI,2013,
1,JULI,2013,"11,81"
2,JULI,2013,"11,95"
3,JULI,2013,"12,24"
4,JULI,2013,"12,82"
5,JULI,2013,"13,90"
6,JULI,2013,"14,48"
7,JULI,2013,"14,20"
8,JULI,2013,"14,32"
9,JULI,2013,"14,08"
10,JULI,2013,"13,55"
11,JULI,2013,"14,00"
12,JULI,2013,"13,65"
13,JULI,2013,"13,46"
14,JULI,2013,"15,07"
15,JULI,2013,"15,34"
16,JULI,2013,"15,22"
17,JULI,2013,"14,55"
18,JULI,2013,"13,81"
19,JULI,2013,"13,33"
20,JULI,2013,"12,76"
21,JULI,2013,"12,14"
22,JULI,2013,"11,60"
23,JULI,2013,"11,22"
24,JULI,2013,"10,95"
25,JULI,2013,"10,56"
26,JULI,2013,"10,01"
27,JULI,2013,"9,60"
28,JULI,2013,"9,65"
29,JULI,2013,"10,11"
30,JULI,2013,"10,25"
31,JULI,2013,"10,05"
1,AGS,2013,"9,85"
2,AGS,2013,"9,63"
3,AGS,2013,"9,52"
4,AGS,2013,"10,00"
5,AGS,2013,"10,40"
6,AGS,2013,"10,15"
7,AGS,2013,"10,70"
8,AGS,2013,"11,65"
9,AGS,2013,"12,70"
10,AGS,2013,"13,79"
11,AGS,2013,"14,39"
12,AGS,2013,"14,53"
13,AGS,2013,"14,11"
14,AGS,2013,"12,78"
15,AGS,2013,"11,64"
16,AGS,2013,"11,31"
17,AGS,2013,"10,73"
18,AGS,2013,"10,51"
19,AGS,2013,"10,75"
20,AGS,2013,"10,41"
21,AGS,2013,"9,85"
22,AGS,2013,"9,47"
23,AGS,2013,"9,75"
24,AGS,2013,"9,75"
25,AGS,2013,"10,15"
26,AGS,2013,"10,92"
27,AGS,2013,"10,59"
28,AGS,2013,"9,90"
29,AGS,2013,"9,52"
30,AGS,2013,"9,42"
31,AGS,2013,"10,16"
1,SEP,2013,"10,46"
2,SEP,2013,"9,91"
3,SEP,2013,"9,68"
4,SEP,2013,"9,81"
5,SEP,2013,"10,27"
6,SEP,2013,"11,69"
7,SEP,2013,"14,97"
8,SEP,2013,"15,79"
9,SEP,2013,"15,93"
10,SEP,2013,"15,90"
11,SEP,2013,"15,76"
12,SEP,2013,"15,38"
13,SEP,2013,"14,43"
14,SEP,2013,"13,64"
15,SEP,2013,"13,45"
16,SEP,2013,"13,79"
17,SEP,2013,"14,49"
18,SEP,2013,"14,37"
19,SEP,2013,"13,94"
20,SEP,2013,"13,75"
21,SEP,2013,"13,36"
22,SEP,2013,"12,80"
23,SEP,2013,"12,46"
24,SEP,2013,"12,17"
25,SEP,2013,"11,73"
26,SEP,2013,"11,21"
27,SEP,2013,"10,85"
28,SEP,2013,"11,20"
29,SEP,2013,"11,78"
30,SEP,2013,"11,35"
31,SEP,2013,
1,OKT,2013,"10,89"
2,OKT,2013,"11,11"
3,OKT,2013,"11,38"
4,OKT,2013,"10,76"
5,OKT,2013,"11,00"
6,OKT,2013,"11,45"
7,OKT,2013,"11,75"
8,OKT,2013,"11,43"
9,OKT,2013,"10,91"
10,OKT,2013,"10,65"
11,OKT,2013,"10,45"
12,OKT,2013,"10,51"
13,OKT,2013,"10,55"
14,OKT,2013,"10,30"
15,OKT,2013,"9,85"
16,OKT,2013,"9,40"
17,OKT,2013,"9,15"
18,OKT,2013,"8,91"
19,OKT,2013,"8,55"
20,OKT,2013,"8,83"
21,OKT,2013,"9,30"
22,OKT,2013,"9,65"
23,OKT,2013,"9,99"
24,OKT,2013,"10,35"
25,OKT,2013,"10,21"
26,OKT,2013,"9,95"
27,OKT,2013,"9,85"
28,OKT,2013,"10,29"
29,OKT,2013,"10,60"
30,OKT,2013,"10,86"
31,OKT,2013,"11,37"
1,NOV,2013,"12,32"
2,NOV,2013,"12,51"
3,NOV,2013,"12,77"
4,NOV,2013,"12,42"
5,NOV,2013,"12,64"
6,NOV,2013,"13,43"
7,NOV,2013,"14,45"
8,NOV,2013,"15,25"
9,NOV,2013,"15,72"
10,NOV,2013,"15,40"
11,NOV,2013,"14,89"
12,NOV,2013,"14,03"
13,NOV,2013,"13,65"
14,NOV,2013,"13,37"
15,NOV,2013,"12,90"
16,NOV,2013,"12,50"
17,NOV,2013,"12,55"
18,NOV,2013,"13,70"
19,NOV,2013,"14,85"
20,NOV,2013,"15,71"
21,NOV,2013,"15,96"
22,NOV,2013,"15,93"
23,NOV,2013,"16,22"
24,NOV,2013,"16,58"
25,NOV,2013,"16,80"
26,NOV,2013,"16,93"
27,NOV,2013,"17,04"
28,NOV,2013,"17,23"
29,NOV,2013,"17,16"
30,NOV,2013,"17,11"
31,NOV,2013,
1,DES,2013,"17,18"
2,DES,2013,"17,27"
3,DES,2013,"17,18"
4,DES,2013,"17,06"
5,DES,2013,"16,86"
6,DES,2013,"16,79"
7,DES,2013,"16,93"
8,DES,2013,"17,07"
9,DES,2013,"16,98"
10,DES,2013,"16,93"
11,DES,2013,"17,00"
12,DES,2013,"17,07"
13,DES,2013,"16,99"
14,DES,2013,"16,89"
15,DES,2013,"16,96"
16,DES,2013,"16,96"
17,DES,2013,"16,98"
18,DES,2013,"17,01"
19,DES,2013,"16,95"
20,DES,2013,"16,68"
21,DES,2013,"16,24"
22,DES,2013,"15,85"
23,DES,2013,"15,55"
24,DES,2013,"15,51"
25,DES,2013,"15,29"
26,DES,2013,"15,73"
27,DES,2013,"15,78"
28,DES,2013,"14,78"
29,DES,2013,"15,17"
30,DES,2013,"15,88"
31,DES,2013,"16,06"
1,JAN,2012,"8,71"
2,JAN,2012,"8,32"
3,JAN,2012,"7,83"
4,JAN,2012,"8,12"
5,JAN,2012,"8,63"
6,JAN,2012,"9,04"
7,JAN,2012,"9,42"
8,JAN,2012,"9,59"
9,JAN,2012,"9,44"
10,JAN,2012,"9,27"
11,JAN,2012,"9,19"
12,JAN,2012,"9,04"
13,JAN,2012,"8,93"
14,JAN,2012,"9,12"
15,JAN,2012,"9,41"
16,JAN,2012,"9,23"
17,JAN,2012,"8,82"
18,JAN,2012,"8,19"
19,JAN,2012,"7,93"
20,JAN,2012,"7,99"
21,JAN,2012,"7,81"
22,JAN,2012,"7,86"
23,JAN,2012,"7,53"
24,JAN,2012,"7,37"
25,JAN,2012,"8,18"
26,JAN,2012,"9,22"
27,JAN,2012,"9,90"
28,JAN,2012,"9,90"
29,JAN,2012,"9,72"
30,JAN,2012,"9,13"
31,JAN,2012,"8,40"
1,FEB,2012,"7,79"
2,FEB,2012,"7,72"
3,FEB,2012,"8,02"
4,FEB,2012,"7,88"
5,FEB,2012,"7,34"
6,FEB,2012,"7,40"
7,FEB,2012,"24,90"
8,FEB,2012,"7,90"
9,FEB,2012,"8,85"
10,FEB,2012,"9,08"
11,FEB,2012,"9,22"
12,FEB,2012,"9,42"
13,FEB,2012,"9,57"
14,FEB,2012,"9,57"
15,FEB,2012,"9,36"
16,FEB,2012,"9,08"
17,FEB,2012,"9,34"
18,FEB,2012,"9,53"
19,FEB,2012,"9,20"
20,FEB,2012,"8,83"
21,FEB,2012,"8,51"
22,FEB,2012,"8,50"
23,FEB,2012,"8,35"
24,FEB,2012,"7,89"
25,FEB,2012,"7,70"
26,FEB,2012,"6,83"
27,FEB,2012,"6,34"
28,FEB,2012,"6,09"
29,FEB,2012,"6,54"
30,FEB,2012,
31,FEB,2012,
1,MAR,2012,"6,98"
2,MAR,2012,"6,88"
3,MAR,2012,"7,02"
4,MAR,2012,"6,89"
5,MAR,2012,"7,02"
6,MAR,2012,"7,48"
7,MAR,2012,"8,06"
8,MAR,2012,"8,28"
9,MAR,2012,"8,57"
10,MAR,2012,"9,20"
11,MAR,2012,"9,61"
12,MAR,2012,"9,80"
13,MAR,2012,"9,58"
14,MAR,2012,"9,26"
15,MAR,2012,"8,94"
16,MAR,2012,"9,33"
17,MAR,2012,"9,25"
18,MAR,2012,"8,45"
19,MAR,2012,"7,78"
20,MAR,2012,"7,26"
21,MAR,2012,"6,88"
22,MAR,2012,"6,53"
23,MAR,2012,"6,20"
24,MAR,2012,"5,94"
25,MAR,2012,"5,68"
26,MAR,2012,"5,48"
27,MAR,2012,"5,34"
28,MAR,2012,"5,40"
29,MAR,2012,"5,89"
30,MAR,2012,"6,02"
31,MAR,2012,"6,86"
1,APR,2012,"7,75"
2,APR,2012,"7,24"
3,APR,2012,"6,68"
4,APR,2012,"6,36"
5,APR,2012,"6,63"
6,APR,2012,"7,49"
7,APR,2012,"8,98"
8,APR,2012,"9,39"
9,APR,2012,"9,35"
10,APR,2012,"9,10"
11,APR,2012,"8,92"
12,APR,2012,"9,03"
13,APR,2012,"8,84"
14,APR,2012,"8,49"
15,APR,2012,"8,28"
16,APR,2012,"8,10"
17,APR,2012,"8,17"
18,APR,2012,"8,08"
19,APR,2012,"8,20"
20,APR,2012,"9,08"
21,APR,2012,"9,16"
22,APR,2012,"9,59"
23,APR,2012,"9,72"
24,APR,2012,"9,68"
25,APR,2012,"9,48"
26,APR,2012,"9,40"
27,APR,2012,"9,60"
28,APR,2012,"9,50"
29,APR,2012,"9,50"
30,APR,2012,"9,81"
31,APR,2012,
1,MEI,2012,"9,74"
2,MEI,2012,"9,63"
3,MEI,2012,"9,78"
4,MEI,2012,"9,57"
5,MEI,2012,"9,43"
6,MEI,2012,"9,34"
7,MEI,2012,"9,57"
8,MEI,2012,"9,86"
9,MEI,2012,"10,19"
10,MEI,2012,"10,53"
11,MEI,2012,"10,48"
12,MEI,2012,"10,09"
13,MEI,2012,"9,18"
14,MEI,2012,"8,74"
15,MEI,2012,"8,59"
16,MEI,2012,"8,40"
17,MEI,2012,"7,90"
18,MEI,2012,"7,70"
19,MEI,2012,"9,17"
20,MEI,2012,"9,30"
21,MEI,2012,"9,00"
22,MEI,2012,"8,92"
23,MEI,2012,"8,75"
24,MEI,2012,"8,66"
25,MEI,2012,"8,88"
26,MEI,2012,"8,72"
27,MEI,2012,"8,08"
28,MEI,2012,"7,80"
29,MEI,2012,"9,16"
30,MEI,2012,"9,73"
31,MEI,2012,"10,11"
1,JUNI,2012,"10,29"
2,JUNI,2012,"10,40"
3,JUNI,2012,"10,47"
4,JUNI,2012,"10,56"
5,JUNI,2012,"10,47"
6,JUNI,2012,"10,27"
7,JUNI,2012,"9,88"
8,JUNI,2012,"9,33"
9,JUNI,2012,"8,78"
10,JUNI,2012,"8,18"
11,JUNI,2012,"8,53"
12,JUNI,2012,"9,37"
13,JUNI,2012,"9,28"
14,JUNI,2012,"8,50"
15,JUNI,2012,"7,86"
16,JUNI,2012,"7,42"
17,JUNI,2012,"6,91"
18,JUNI,2012,"6,44"
19,JUNI,2012,"6,01"
20,JUNI,2012,"5,78"
21,JUNI,2012,"5,58"
22,JUNI,2012,"5,59"
23,JUNI,2012,"5,66"
24,JUNI,2012,"5,48"
25,JUNI,2012,"5,38"
26,JUNI,2012,"5,17"
27,JUNI,2012,"5,18"
28,JUNI,2012,"5,13"
29,JUNI,2012,"4,94"
30,JUNI,2012,"4,88"
31,JUNI,2012,
1,JULI,2012,"4,99"
2,JULI,2012,"5,48"
3,JULI,2012,"5,94"
4,JULI,2012,"5,87"
5,JULI,2012,"6,08"
6,JULI,2012,"5,83"
7,JULI,2012,"5,57"
8,JULI,2012,"5,84"
9,JULI,2012,"6,71"
10,JULI,2012,"7,48"
11,JULI,2012,"7,91"
12,JULI,2012,"8,15"
13,JULI,2012,"8,35"
14,JULI,2012,"8,67"
15,JULI,2012,"8,87"
16,JULI,2012,"9,07"
17,JULI,2012,"9,20"
18,JULI,2012,"8,66"
19,JULI,2012,"8,28"
20,JULI,2012,"8,38"
21,JULI,2012,"9,40"
22,JULI,2012,"9,75"
23,JULI,2012,"8,94"
24,JULI,2012,"7,96"
25,JULI,2012,"7,01"
26,JULI,2012,"6,44"
27,JULI,2012,"6,58"
28,JULI,2012,"7,14"
29,JULI,2012,"6,80"
30,JULI,2012,"6,20"
31,JULI,2012,"5,42"
1,AGS,2012,"5,14"
2,AGS,2012,"4,97"
3,AGS,2012,"4,84"
4,AGS,2012,"4,77"
5,AGS,2012,"4,80"
6,AGS,2012,"4,84"
7,AGS,2012,"4,52"
8,AGS,2012,"4,35"
9,AGS,2012,"4,32"
10,AGS,2012,"4,40"
11,AGS,2012,"4,56"
12,AGS,2012,"4,74"
13,AGS,2012,"4,98"
14,AGS,2012,"5,18"
15,AGS,2012,"5,13"
16,AGS,2012,"4,98"
17,AGS,2012,"4,82"
18,AGS,2012,"4,86"
19,AGS,2012,"5,03"
20,AGS,2012,"5,41"
21,AGS,2012,"5,96"
22,AGS,2012,"6,59"
23,AGS,2012,"7,64"
24,AGS,2012,"6,92"
25,AGS,2012,"7,47"
26,AGS,2012,"9,07"
27,AGS,2012,"8,71"
28,AGS,2012,"8,03"
29,AGS,2012,"7,88"
30,AGS,2012,"8,74"
31,AGS,2012,"9,48"
1,SEP,2012,"10,06"
2,SEP,2012,"10,52"
3,SEP,2012,"10,60"
4,SEP,2012,"10,02"
5,SEP,2012,"8,78"
6,SEP,2012,"7,70"
7,SEP,2012,"7,64"
8,SEP,2012,"7,54"
9,SEP,2012,"7,60"
10,SEP,2012,"8,02"
11,SEP,2012,"8,10"
12,SEP,2012,"7,52"
13,SEP,2012,"6,78"
14,SEP,2012,"5,80"
15,SEP,2012,"5,54"
16,SEP,2012,"6,02"
17,SEP,2012,"5,68"
18,SEP,2012,"5,13"
19,SEP,2012,"5,07"
20,SEP,2012,"5,76"
21,SEP,2012,"5,58"
22,SEP,2012,"5,38"
23,SEP,2012,"5,34"
24,SEP,2012,"5,28"
25,SEP,2012,"5,02"
26,SEP,2012,"4,47"
27,SEP,2012,"4,48"
28,SEP,2012,"4,38"
29,SEP,2012,"4,61"
30,SEP,2012,"4,69"
31,SEP,2012,
1,OKT,2012,"4,54"
2,OKT,2012,"4,65"
3,OKT,2012,"4,71"
4,OKT,2012,"4,54"
5,OKT,2012,"4,35"
6,OKT,2012,"4,42"
7,OKT,2012,"4,29"
8,OKT,2012,"4,23"
9,OKT,2012,"4,27"
10,OKT,2012,"4,41"
11,OKT,2012,"4,74"
12,OKT,2012,"5,13"
13,OKT,2012,"4,84"
14,OKT,2012,"4,69"
15,OKT,2012,"4,65"
16,OKT,2012,"4,74"
17,OKT,2012,"4,82"
18,OKT,2012,"5,04"
19,OKT,2012,"6,09"
20,OKT,2012,"5,81"
21,OKT,2012,"5,12"
22,OKT,2012,"5,28"
23,OKT,2012,"5,46"
24,OKT,2012,"6,10"
25,OKT,2012,"7,33"
26,OKT,2012,"8,50"
27,OKT,2012,"8,26"
28,OKT,2012,"7,60"
29,OKT,2012,"6,76"
30,OKT,2012,"6,82"
31,OKT,2012,"6,01"
1,NOV,2012,"6,03"
2,NOV,2012,"5,98"
3,NOV,2012,"5,73"
4,NOV,2012,"5,81"
5,NOV,2012,"6,04"
6,NOV,2012,"6,59"
7,NOV,2012,"7,48"
8,NOV,2012,"8,04"
9,NOV,2012,"7,98"
10,NOV,2012,"8,17"
11,NOV,2012,"9,00"
12,NOV,2012,"9,67"
13,NOV,2012,"9,96"
14,NOV,2012,"10,24"
15,NOV,2012,"10,45"
16,NOV,2012,"10,73"
17,NOV,2012,"10,94"
18,NOV,2012,"10,92"
19,NOV,2012,"10,88"
20,NOV,2012,"10,85"
21,NOV,2012,"10,89"
22,NOV,2012,"10,81"
23,NOV,2012,"10,68"
24,NOV,2012,"10,75"
25,NOV,2012,"10,87"
26,NOV,2012,"10,90"
27,NOV,2012,"10,85"
28,NOV,2012,"10,84"
29,NOV,2012,"10,62"
30,NOV,2012,"10,23"
31,NOV,2012,
1,DES,2012,"9,81"
2,DES,2012,"9,18"
3,DES,2012,"9,12"
4,DES,2012,"9,07"
5,DES,2012,"8,39"
6,DES,2012,"10,05"
7,DES,2012,"10,42"
8,DES,2012,"10,70"
9,DES,2012,"10,98"
10,DES,2012,"11,13"
11,DES,2012,"11,16"
12,DES,2012,"11,04"
13,DES,2012,"10,86"
14,DES,2012,"10,65"
15,DES,2012,"10,62"
16,DES,2012,"10,57"
17,DES,2012,"10,34"
18,DES,2012,"9,90"
19,DES,2012,"9,07"
20,DES,2012,"8,42"
21,DES,2012,"7,82"
22,DES,2012,"7,36"
23,DES,2012,"7,06"
24,DES,2012,"7,11"
25,DES,2012,"7,86"
26,DES,2012,"8,26"
27,DES,2012,"8,46"
28,DES,2012,"8,49"
29,DES,2012,"8,27"
30,DES,2012,"8,02"
31,DES,2012,"7,64"
1,JAN,2011,"16,55"
2,JAN,2011,"16,31"
3,JAN,2011,"16,69"
4,JAN,2011,"16,88"
5,JAN,2011,"17,16"
6,JAN,2011,"17,61"
7,JAN,2011,"17,95"
8,JAN,2011,"18,05"
9,JAN,2011,"18,18"
10,JAN,2011,"18,36"
11,JAN,2011,"18,55"
12,JAN,2011,"18,67"
13,JAN,2011,"18,79"
14,JAN,2011,"18,66"
15,JAN,2011,"18,82"
16,JAN,2011,"19,06"
17,JAN,2011,"18,62"
18,JAN,2011,"17,94"
19,JAN,2011,"17,27"
20,JAN,2011,"16,82"
21,JAN,2011,"16,58"
22,JAN,2011,"16,88"
23,JAN,2011,"17,58"
24,JAN,2011,"18,50"
25,JAN,2011,"18,38"
26,JAN,2011,"18,21"
27,JAN,2011,"18,04"
28,JAN,2011,"17,80"
29,JAN,2011,"17,19"
30,JAN,2011,"17,12"
31,JAN,2011,"17,44"
1,FEB,2011,"17,85"
2,FEB,2011,"18,09"
3,FEB,2011,"18,12"
4,FEB,2011,"17,87"
5,FEB,2011,"17,99"
6,FEB,2011,"18,02"
7,FEB,2011,"17,79"
8,FEB,2011,"17,68"
9,FEB,2011,"17,99"
10,FEB,2011,"18,58"
11,FEB,2011,"18,43"
12,FEB,2011,"18,03"
13,FEB,2011,"17,80"
14,FEB,2011,"17,60"
15,FEB,2011,"17,32"
16,FEB,2011,"16,99"
17,FEB,2011,"16,82"
18,FEB,2011,"16,85"
19,FEB,2011,"16,49"
20,FEB,2011,"16,62"
21,FEB,2011,"17,01"
22,FEB,2011,"17,10"
23,FEB,2011,"16,80"
24,FEB,2011,"16,34"
25,FEB,2011,"16,00"
26,FEB,2011,"16,28"
27,FEB,2011,"16,48"
28,FEB,2011,"16,51"
29,FEB,2011,
30,FEB,2011,
31,FEB,2011,
1,MAR,2011,"16,69"
2,MAR,2011,"17,17"
3,MAR,2011,"17,59"
4,MAR,2011,"16,85"
5,MAR,2011,"15,84"
6,MAR,2011,"15,46"
7,MAR,2011,"15,46"
8,MAR,2011,"15,33"
9,MAR,2011,"15,02"
10,MAR,2011,"15,41"
11,MAR,2011,"16,05"
12,MAR,2011,"16,47"
13,MAR,2011,"16,83"
14,MAR,2011,"17,46"
15,MAR,2011,"18,54"
16,MAR,2011,"18,76"
17,MAR,2011,"18,44"
18,MAR,2011,"18,19"
19,MAR,2011,"18,36"
20,MAR,2011,"18,23"
21,MAR,2011,"18,07"
22,MAR,2011,"18,36"
23,MAR,2011,"18,42"
24,MAR,2011,"18,41"
25,MAR,2011,"18,41"
26,MAR,2011,"17,94"
27,MAR,2011,"17,45"
28,MAR,2011,"16,93"
29,MAR,2011,"16,55"
30,MAR,2011,"16,27"
31,MAR,2011,"16,03"
1,APR,2011,"15,75"
2,APR,2011,"15,48"
3,APR,2011,"15,31"
4,APR,2011,"15,23"
5,APR,2011,"15,03"
6,APR,2011,"15,05"
7,APR,2011,"15,03"
8,APR,2011,"14,98"
9,APR,2011,"15,26"
10,APR,2011,"16,43"
11,APR,2011,"16,66"
12,APR,2011,"16,60"
13,APR,2011,"16,51"
14,APR,2011,"16,46"
15,APR,2011,"16,74"
16,APR,2011,"17,12"
17,APR,2011,"17,54"
18,APR,2011,"17,93"
19,APR,2011,"18,22"
20,APR,2011,"18,15"
21,APR,2011,"17,72"
22,APR,2011,"17,79"
23,APR,2011,"17,38"
24,APR,2011,"17,28"
25,APR,2011,"18,04"
26,APR,2011,"18,72"
27,APR,2011,"18,91"
28,APR,2011,"18,84"
29,APR,2011,"19,32"
30,APR,2011,"19,67"
31,APR,2011,
1,MEI,2011,"19,98"
2,MEI,2011,"20,23"
3,MEI,2011,"20,48"
4,MEI,2011,"20,68"
5,MEI,2011,"20,88"
6,MEI,2011,"20,71"
7,MEI,2011,"20,33"
8,MEI,2011,"19,88"
9,MEI,2011,"19,39"
10,MEI,2011,"18,74"
11,MEI,2011,"18,32"
12,MEI,2011,"17,88"
13,MEI,2011,"17,58"
14,MEI,2011,"17,76"
15,MEI,2011,"18,28"
16,MEI,2011,"18,18"
17,MEI,2011,"18,03"
18,MEI,2011,"17,57"
19,MEI,2011,"17,16"
20,MEI,2011,"17,18"
21,MEI,2011,"17,51"
22,MEI,2011,"17,86"
23,MEI,2011,"18,18"
24,MEI,2011,"18,36"
25,MEI,2011,"17,97"
26,MEI,2011,"17,56"
27,MEI,2011,"17,82"
28,MEI,2011,"17,75"
29,MEI,2011,"17,26"
30,MEI,2011,"16,76"
31,MEI,2011,"16,76"
1,JUNI,2011,"17,32"
2,JUNI,2011,"18,21"
3,JUNI,2011,"18,33"
4,JUNI,2011,"18,53"
5,JUNI,2011,"18,49"
6,JUNI,2011,"17,77"
7,JUNI,2011,"16,84"
8,JUNI,2011,"17,46"
9,JUNI,2011,"18,44"
10,JUNI,2011,"18,83"
11,JUNI,2011,"18,42"
12,JUNI,2011,"18,00"
13,JUNI,2011,"18,14"
14,JUNI,2011,"17,82"
15,JUNI,2011,"17,21"
16,JUNI,2011,"16,98"
17,JUNI,2011,"16,79"
18,JUNI,2011,"16,60"
19,JUNI,2011,"16,13"
20,JUNI,2011,"15,62"
21,JUNI,2011,"15,22"
22,JUNI,2011,"14,82"
23,JUNI,2011,"14,38"
24,JUNI,2011,"14,21"
25,JUNI,2011,"14,15"
26,JUNI,2011,"14,23"
27,JUNI,2011,"14,03"
28,JUNI,2011,"13,68"
29,JUNI,2011,"13,78"
30,JUNI,2011,"31,03"
31,JUNI,2011,
1,JULI,2011,"14,28"
2,JULI,2011,"14,52"
3,JULI,2011,"14,87"
4,JULI,2011,"14,82"
5,JULI,2011,"14,60"
6,JULI,2011,"14,38"
7,JULI,2011,"14,16"
8,JULI,2011,"13,93"
9,JULI,2011,"13,63"
10,JULI,2011,"13,20"
11,JULI,2011,"12,99"
12,JULI,2011,"13,04"
13,JULI,2011,"13,54"
14,JULI,2011,"13,84"
15,JULI,2011,"14,21"
16,JULI,2011,"14,50"
17,JULI,2011,"14,79"
18,JULI,2011,"14,99"
19,JULI,2011,"15,23"
20,JULI,2011,"15,50"
21,JULI,2011,"15,68"
22,JULI,2011,"15,46"
23,JULI,2011,"15,16"
24,JULI,2011,"14,73"
25,JULI,2011,"14,34"
26,JULI,2011,"13,94"
27,JULI,2011,"13,56"
28,JULI,2011,"13,38"
29,JULI,2011,"13,19"
30,JULI,2011,"13,14"
31,JULI,2011,"13,30"
1,AGS,2011,"13,68"
2,AGS,2011,"13,74"
3,AGS,2011,"13,67"
4,AGS,2011,"13,60"
5,AGS,2011,"13,48"
6,AGS,2011,"13,42"
7,AGS,2011,"13,36"
8,AGS,2011,"13,26"
9,AGS,2011,"13,23"
10,AGS,2011,"13,16"
11,AGS,2011,"13,08"
12,AGS,2011,"13,04"
13,AGS,2011,"13,08"
14,AGS,2011,"13,05"
15,AGS,2011,"13,02"
16,AGS,2011,"13,06"
17,AGS,2011,"13,18"
18,AGS,2011,"13,54"
19,AGS,2011,"13,96"
20,AGS,2011,"14,34"
21,AGS,2011,"14,76"
22,AGS,2011,"15,13"
23,AGS,2011,"15,24"
24,AGS,2011,"15,11"
25,AGS,2011,"14,98"
26,AGS,2011,"15,01"
27,AGS,2011,"14,72"
28,AGS,2011,"14,42"
29,AGS,2011,"14,12"
30,AGS,2011,"13,84"
31,AGS,2011,"13,66"
1,SEP,2011,"13,85"
2,SEP,2011,"14,13"
3,SEP,2011,"14,58"
4,SEP,2011,"14,98"
5,SEP,2011,"15,21"
6,SEP,2011,"15,30"
7,SEP,2011,"14,89"
8,SEP,2011,"14,50"
9,SEP,2011,"14,73"
10,SEP,2011,"15,38"
11,SEP,2011,"15,54"
12,SEP,2011,"15,81"
13,SEP,2011,"15,41"
14,SEP,2011,"15,06"
15,SEP,2011,"15,90"
16,SEP,2011,"16,86"
17,SEP,2011,"16,76"
18,SEP,2011,"16,28"
19,SEP,2011,"15,72"
20,SEP,2011,"15,47"
21,SEP,2011,"16,67"
22,SEP,2011,"16,67"
23,SEP,2011,"16,24"
24,SEP,2011,"15,44"
25,SEP,2011,"14,68"
26,SEP,2011,"13,84"
27,SEP,2011,"13,96"
28,SEP,2011,"14,43"
29,SEP,2011,"14,05"
30,SEP,2011,"14,08"
31,SEP,2011,
1,OKT,2011,"14,31"
2,OKT,2011,"14,39"
3,OKT,2011,"14,16"
4,OKT,2011,"13,94"
5,OKT,2011,"14,02"
6,OKT,2011,"14,46"
7,OKT,2011,"15,44"
8,OKT,2011,"16,38"
9,OKT,2011,"16,57"
10,OKT,2011,"16,18"
11,OKT,2011,"16,10"
12,OKT,2011,"15,48"
13,OKT,2011,"15,36"
14,OKT,2011,"16,27"
15,OKT,2011,"16,80"
16,OKT,2011,"16,54"
17,OKT,2011,"16,12"
18,OKT,2011,"15,66"
19,OKT,2011,"15,28"
20,OKT,2011,"15,04"
21,OKT,2011,"14,58"
22,OKT,2011,"14,09"
23,OKT,2011,"13,69"
24,OKT,2011,"13,50"
25,OKT,2011,"13,66"
26,OKT,2011,"13,61"
27,OKT,2011,"13,66"
28,OKT,2011,"13,82"
29,OKT,2011,"13,78"
30,OKT,2011,"13,59"
31,OKT,2011,"13,44"
1,NOV,2011,"13,47"
2,NOV,2011,"13,55"
3,NOV,2011,"13,81"
4,NOV,2011,"14,42"
5,NOV,2011,"15,01"
6,NOV,2011,"15,58"
7,NOV,2011,"15,99"
8,NOV,2011,"15,88"
9,NOV,2011,"15,62"
10,NOV,2011,"15,27"
11,NOV,2011,"14,94"
12,NOV,2011,"14,64"
13,NOV,2011,"14,27"
14,NOV,2011,"14,28"
15,NOV,2011,"14,44"
16,NOV,2011,"14,38"
17,NOV,2011,"14,28"
18,NOV,2011,"14,08"
19,NOV,2011,"14,02"
20,NOV,2011,"14,14"
21,NOV,2011,"14,03"
22,NOV,2011,"13,92"
23,NOV,2011,"14,15"
24,NOV,2011,"14,54"
25,NOV,2011,"15,12"
26,NOV,2011,"15,66"
27,NOV,2011,"15,32"
28,NOV,2011,"15,00"
29,NOV,2011,"14,99"
30,NOV,2011,"15,14"
31,NOV,2011,
1,DES,2011,"15,42"
2,DES,2011,"15,82"
3,DES,2011,"16,56"
4,DES,2011,"17,45"
5,DES,2011,"18,33"
6,DES,2011,"18,66"
7,DES,2011,"18,76"
8,DES,2011,"18,52"
9,DES,2011,"17,78"
10,DES,2011,"16,83"
11,DES,2011,"16,04"
12,DES,2011,"15,60"
13,DES,2011,"15,26"
14,DES,2011,"15,16"
15,DES,2011,"15,29"
16,DES,2011,"15,48"
17,DES,2011,"15,74"
18,DES,2011,"16,09"
19,DES,2011,"16,48"
20,DES,2011,"16,38"
21,DES,2011,"16,14"
22,DES,2011,"15,98"
23,DES,2011,"16,36"
24,DES,2011,"16,65"
25,DES,2011,"17,16"
26,DES,2011,"17,13"
27,DES,2011,"17,30"
28,DES,2011,"18,36"
29,DES,2011,"18,83"
30,DES,2011,"18,43"
31,DES,2011,"18,08"
1,JAN,2010,"18,74"
2,JAN,2010,"18,73"
3,JAN,2010,"18,58"
4,JAN,2010,"18,35"
5,JAN,2010,"18,29"
6,JAN,2010,"18,74"
7,JAN,2010,"19,35"
8,JAN,2010,"19,39"
9,JAN,2010,"19,18"
10,JAN,2010,"19,20"
11,JAN,2010,"19,38"
12,JAN,2010,"19,54"
13,JAN,2010,"19,49"
14,JAN,2010,"19,35"
15,JAN,2010,"19,21"
16,JAN,2010,"19,21"
17,JAN,2010,"19,17"
18,JAN,2010,"19,02"
19,JAN,2010,"18,86"
20,JAN,2010,"18,99"
21,JAN,2010,"19,06"
22,JAN,2010,"18,88"
23,JAN,2010,"18,39"
24,JAN,2010,"18,17"
25,JAN,2010,"18,22"
26,JAN,2010,"18,05"
27,JAN,2010,"18,32"
28,JAN,2010,"18,65"
29,JAN,2010,"18,51"
30,JAN,2010,"18,55"
31,JAN,2010,"18,74"
1,FEB,2010,"19,13"
2,FEB,2010,"19,50"
3,FEB,2010,"19,82"
4,FEB,2010,"20,24"
5,FEB,2010,"20,56"
6,FEB,2010,"20,64"
7,FEB,2010,"20,42"
8,FEB,2010,"20,18"
9,FEB,2010,"19,92"
10,FEB,2010,"19,22"
11,FEB,2010,"18,31"
12,FEB,2010,"17,61"
13,FEB,2010,"16,95"
14,FEB,2010,"16,50"
15,FEB,2010,"16,16"
16,FEB,2010,"15,84"
17,FEB,2010,"15,38"
18,FEB,2010,"15,00"
19,FEB,2010,"14,89"
20,FEB,2010,"14,85"
21,FEB,2010,"15,36"
22,FEB,2010,"17,39"
23,FEB,2010,"18,19"
24,FEB,2010,"17,84"
25,FEB,2010,"17,52"
26,FEB,2010,"16,97"
27,FEB,2010,"16,54"
28,FEB,2010,"16,01"
29,FEB,2010,
30,FEB,2010,
31,FEB,2010,
1,MAR,2010,"15,53"
2,MAR,2010,"15,08"
3,MAR,2010,"15,28"
4,MAR,2010,"15,51"
5,MAR,2010,"15,36"
6,MAR,2010,"15,14"
7,MAR,2010,"15,48"
8,MAR,2010,"15,25"
9,MAR,2010,"14,96"
10,MAR,2010,"14,96"
11,MAR,2010,"16,56"
12,MAR,2010,"17,92"
13,MAR,2010,"18,10"
14,MAR,2010,"17,78"
15,MAR,2010,"16,88"
16,MAR,2010,"16,18"
17,MAR,2010,"16,18"
18,MAR,2010,"16,34"
19,MAR,2010,"16,22"
20,MAR,2010,"16,08"
21,MAR,2010,"16,34"
22,MAR,2010,"16,84"
23,MAR,2010,"17,40"
24,MAR,2010,"17,68"
25,MAR,2010,"18,00"
26,MAR,2010,"18,20"
27,MAR,2010,"17,93"
28,MAR,2010,"17,78"
29,MAR,2010,"18,20"
30,MAR,2010,"18,18"
31,MAR,2010,"18,32"
1,APR,2010,"18,99"
2,APR,2010,"19,30"
3,APR,2010,"19,53"
4,APR,2010,"19,42"
5,APR,2010,"19,48"
6,APR,2010,"19,65"
7,APR,2010,"19,75"
8,APR,2010,"19,84"
9,APR,2010,"19,87"
10,APR,2010,"19,91"
11,APR,2010,"20,07"
12,APR,2010,"20,08"
13,APR,2010,"19,94"
14,APR,2010,"19,59"
15,APR,2010,"19,71"
16,APR,2010,"19,88"
17,APR,2010,"20,12"
18,APR,2010,"20,22"
19,APR,2010,"20,26"
20,APR,2010,"20,13"
21,APR,2010,"19,88"
22,APR,2010,"19,72"
23,APR,2010,"19,59"
24,APR,2010,"19,48"
25,APR,2010,"19,80"
26,APR,2010,"19,95"
27,APR,2010,"20,05"
28,APR,2010,"20,15"
29,APR,2010,"20,16"
30,APR,2010,"20,15"
31,APR,2010,
1,MEI,2010,"20,18"
2,MEI,2010,"20,13"
3,MEI,2010,"19,96"
4,MEI,2010,"19,69"
5,MEI,2010,"19,52"
6,MEI,2010,"19,15"
7,MEI,2010,"18,81"
8,MEI,2010,"18,59"
9,MEI,2010,"18,53"
10,MEI,2010,"19,31"
11,MEI,2010,"19,44"
12,MEI,2010,"19,64"
13,MEI,2010,"19,84"
14,MEI,2010,"19,96"
15,MEI,2010,"20,23"
16,MEI,2010,"20,59"
17,MEI,2010,"20,79"
18,MEI,2010,"20,84"
19,MEI,2010,"20,56"
20,MEI,2010,"20,20"
21,MEI,2010,"19,54"
22,MEI,2010,"19,24"
23,MEI,2010,"19,34"
24,MEI,2010,"19,22"
25,MEI,2010,"19,23"
26,MEI,2010,"19,35"
27,MEI,2010,"19,33"
28,MEI,2010,"19,19"
29,MEI,2010,"19,30"
30,MEI,2010,"19,52"
31,MEI,2010,"19,69"
1,JUNI,2010,"19,96"
2,JUNI,2010,"20,14"
3,JUNI,2010,"20,02"
4,JUNI,2010,"19,72"
5,JUNI,2010,"19,46"
6,JUNI,2010,"19,13"
7,JUNI,2010,"19,06"
8,JUNI,2010,"19,27"
9,JUNI,2010,"19,56"
10,JUNI,2010,"19,83"
11,JUNI,2010,"19,91"
12,JUNI,2010,"19,64"
13,JUNI,2010,"19,11"
14,JUNI,2010,"18,42"
15,JUNI,2010,"18,20"
16,JUNI,2010,"18,06"
17,JUNI,2010,"17,72"
18,JUNI,2010,"17,85"
19,JUNI,2010,"18,24"
20,JUNI,2010,"18,62"
21,JUNI,2010,"18,41"
22,JUNI,2010,"17,98"
23,JUNI,2010,"17,38"
24,JUNI,2010,"16,73"
25,JUNI,2010,"16,23"
26,JUNI,2010,"16,23"
27,JUNI,2010,"16,44"
28,JUNI,2010,"16,11"
29,JUNI,2010,"16,07"
30,JUNI,2010,"16,51"
31,JUNI,2010,
1,JULI,2010,"17,00"
2,JULI,2010,"16,86"
3,JULI,2010,"16,32"
4,JULI,2010,"15,84"
5,JULI,2010,"15,89"
6,JULI,2010,"16,27"
7,JULI,2010,"16,73"
8,JULI,2010,"16,80"
9,JULI,2010,"16,14"
10,JULI,2010,"15,84"
11,JULI,2010,"15,63"
12,JULI,2010,"15,28"
13,JULI,2010,"15,06"
14,JULI,2010,"15,76"
15,JULI,2010,"16,53"
16,JULI,2010,"16,37"
17,JULI,2010,"16,18"
18,JULI,2010,"15,92"
19,JULI,2010,"15,44"
20,JULI,2010,"15,21"
21,JULI,2010,"15,75"
22,JULI,2010,"16,21"
23,JULI,2010,"16,64"
24,JULI,2010,"17,26"
25,JULI,2010,"18,12"
26,JULI,2010,"18,83"
27,JULI,2010,"18,92"
28,JULI,2010,"18,51"
29,JULI,2010,"18,56"
30,JULI,2010,"18,76"
31,JULI,2010,"18,64"
1,AGS,2010,"18,69"
2,AGS,2010,"18,42"
3,AGS,2010,"18,22"
4,AGS,2010,"18,37"
5,AGS,2010,"18,63"
6,AGS,2010,"18,76"
7,AGS,2010,"18,49"
8,AGS,2010,"18,12"
9,AGS,2010,"17,82"
10,AGS,2010,"17,20"
11,AGS,2010,"16,34"
12,AGS,2010,"15,92"
13,AGS,2010,"15,29"
14,AGS,2010,"15,04"
15,AGS,2010,"15,01"
16,AGS,2010,"14,97"
17,AGS,2010,"15,07"
18,AGS,2010,"15,41"
19,AGS,2010,"16,46"
20,AGS,2010,"16,97"
21,AGS,2010,"16,60"
22,AGS,2010,"16,67"
23,AGS,2010,"17,57"
24,AGS,2010,"18,51"
25,AGS,2010,"18,38"
26,AGS,2010,"18,08"
27,AGS,2010,"17,10"
28,AGS,2010,"16,52"
29,AGS,2010,"16,24"
30,AGS,2010,"15,66"
31,AGS,2010,"15,47"
1,SEP,2010,"16,60"
2,SEP,2010,"16,94"
3,SEP,2010,"17,03"
4,SEP,2010,"16,42"
5,SEP,2010,"15,54"
6,SEP,2010,"15,29"
7,SEP,2010,"15,21"
8,SEP,2010,"15,42"
9,SEP,2010,"15,61"
10,SEP,2010,"15,92"
11,SEP,2010,"16,58"
12,SEP,2010,"17,40"
13,SEP,2010,"17,16"
14,SEP,2010,"16,82"
15,SEP,2010,"16,76"
16,SEP,2010,"17,24"
17,SEP,2010,"16,91"
18,SEP,2010,"16,34"
19,SEP,2010,"15,79"
20,SEP,2010,"15,36"
21,SEP,2010,"15,19"
22,SEP,2010,"15,54"
23,SEP,2010,"15,20"
24,SEP,2010,"15,00"
25,SEP,2010,"14,93"
26,SEP,2010,"14,73"
27,SEP,2010,"14,54"
28,SEP,2010,"15,17"
29,SEP,2010,"16,26"
30,SEP,2010,"17,55"
31,SEP,2010,
1,OKT,2010,"18,44"
2,OKT,2010,"18,48"
3,OKT,2010,"18,25"
4,OKT,2010,"18,08"
5,OKT,2010,"17,90"
6,OKT,2010,"17,06"
7,OKT,2010,"16,26"
8,OKT,2010,"16,78"
9,OKT,2010,"17,28"
10,OKT,2010,"18,24"
11,OKT,2010,"19,08"
12,OKT,2010,"18,60"
13,OKT,2010,"17,73"
14,OKT,2010,"16,68"
15,OKT,2010,"15,55"
16,OKT,2010,"15,26"
17,OKT,2010,"15,03"
18,OKT,2010,"14,68"
19,OKT,2010,"14,88"
20,OKT,2010,"15,04"
21,OKT,2010,"14,98"
22,OKT,2010,"15,19"
23,OKT,2010,"15,38"
24,OKT,2010,"15,94"
25,OKT,2010,"17,32"
26,OKT,2010,"17,61"
27,OKT,2010,"18,65"
28,OKT,2010,"19,17"
29,OKT,2010,"19,52"
30,OKT,2010,"19,92"
31,OKT,2010,"20,28"
1,NOV,2010,"20,45"
2,NOV,2010,"20,55"
3,NOV,2010,"20,61"
4,NOV,2010,"20,53"
5,NOV,2010,"20,42"
6,NOV,2010,"20,32"
7,NOV,2010,"20,13"
8,NOV,2010,"19,56"
9,NOV,2010,"19,78"
10,NOV,2010,"19,65"
11,NOV,2010,"19,63"
12,NOV,2010,"19,54"
13,NOV,2010,"19,47"
14,NOV,2010,"19,35"
15,NOV,2010,"19,08"
16,NOV,2010,"18,79"
17,NOV,2010,"18,57"
18,NOV,2010,"18,44"
19,NOV,2010,"18,92"
20,NOV,2010,"19,32"
21,NOV,2010,"19,46"
22,NOV,2010,"19,45"
23,NOV,2010,"19,47"
24,NOV,2010,"19,49"
25,NOV,2010,"19,59"
26,NOV,2010,"19,73"
27,NOV,2010,"19,87"
28,NOV,2010,"19,66"
29,NOV,2010,"20,05"
30,NOV,2010,"19,95"
31,NOV,2010,
1,DES,2010,"19,83"
2,DES,2010,"19,67"
3,DES,2010,"19,73"
4,DES,2010,"19,78"
5,DES,2010,"19,80"
6,DES,2010,"19,83"
7,DES,2010,"19,84"
8,DES,2010,"19,76"
9,DES,2010,"19,52"
10,DES,2010,"19,02"
11,DES,2010,"18,37"
12,DES,2010,"17,85"
13,DES,2010,"17,46"
14,DES,2010,"17,28"
15,DES,2010,"17,18"
16,DES,2010,"17,33"
17,DES,2010,"17,23"
18,DES,2010,"17,24"
19,DES,2010,"17,78"
20,DES,2010,"18,02"
21,DES,2010,"17,72"
22,DES,2010,"17,30"
23,DES,2010,"16,92"
24,DES,2010,"16,52"
25,DES,2010,"16,30"
26,DES,2010,"16,18"
27,DES,2010,"15,83"
28,DES,2010,"15,48"
29,DES,2010,"15,38"
30,DES,2010,"15,78"
31,DES,2010,"16,30"
1,JAN,2009,"19,35"
2,JAN,2009,"18,80"
3,JAN,2009,"18,32"
4,JAN,2009,"18,20"
5,JAN,2009,"18,52"
6,JAN,2009,"18,33"
7,JAN,2009,"17,90"
8,JAN,2009,"17,74"
9,JAN,2009,"17,92"
10,JAN,2009,"18,02"
11,JAN,2009,"17,76"
12,JAN,2009,"17,83"
13,JAN,2009,"17,92"
14,JAN,2009,"17,48"
15,JAN,2009,"16,87"
16,JAN,2009,"17,03"
17,JAN,2009,"17,29"
18,JAN,2009,"16,85"
19,JAN,2009,"16,99"
20,JAN,2009,"18,08"
21,JAN,2009,"18,03"
22,JAN,2009,"17,84"
23,JAN,2009,"17,84"
24,JAN,2009,"17,53"
25,JAN,2009,"17,13"
26,JAN,2009,"16,87"
27,JAN,2009,"17,36"
28,JAN,2009,"18,48"
29,JAN,2009,"19,03"
30,JAN,2009,"19,02"
31,JAN,2009,"19,08"
1,FEB,2009,"19,39"
2,FEB,2009,"19,68"
3,FEB,2009,"20,10"
4,FEB,2009,"20,53"
5,FEB,2009,"20,69"
6,FEB,2009,"20,65"
7,FEB,2009,"20,53"
8,FEB,2009,"20,32"
9,FEB,2009,"19,81"
10,FEB,2009,"18,94"
11,FEB,2009,"18,14"
12,FEB,2009,"17,50"
13,FEB,2009,"17,27"
14,FEB,2009,"16,73"
15,FEB,2009,"16,33"
16,FEB,2009,"16,00"
17,FEB,2009,"15,85"
18,FEB,2009,"16,04"
19,FEB,2009,"15,90"
20,FEB,2009,"15,41"
21,FEB,2009,"15,04"
22,FEB,2009,"14,97"
23,FEB,2009,"15,59"
24,FEB,2009,"16,02"
25,FEB,2009,"16,24"
26,FEB,2009,"16,33"
27,FEB,2009,"16,07"
28,FEB,2009,"15,98"
29,FEB,2009,
30,FEB,2009,
31,FEB,2009,
1,MAR,2009,"16,58"
2,MAR,2009,"17,60"
3,MAR,2009,"18,18"
4,MAR,2009,"17,54"
5,MAR,2009,"17,39"
6,MAR,2009,"17,92"
7,MAR,2009,"17,64"
8,MAR,2009,"17,59"
9,MAR,2009,"17,56"
10,MAR,2009,"18,14"
11,MAR,2009,"18,83"
12,MAR,2009,"19,18"
13,MAR,2009,"19,38"
14,MAR,2009,"19,28"
15,MAR,2009,"19,14"
16,MAR,2009,"19,11"
17,MAR,2009,"19,23"
18,MAR,2009,"19,28"
19,MAR,2009,"19,20"
20,MAR,2009,"19,07"
21,MAR,2009,"18,84"
22,MAR,2009,"18,75"
23,MAR,2009,"18,66"
24,MAR,2009,"18,69"
25,MAR,2009,"18,31"
26,MAR,2009,"17,50"
27,MAR,2009,"17,12"
28,MAR,2009,"17,41"
29,MAR,2009,"17,71"
30,MAR,2009,"17,65"
31,MAR,2009,"17,42"
1,APR,2009,"17,73"
2,APR,2009,"18,14"
3,APR,2009,"17,93"
4,APR,2009,"17,21"
5,APR,2009,"16,68"
6,APR,2009,"16,35"
7,APR,2009,"16,61"
8,APR,2009,"17,42"
9,APR,2009,"17,04"
10,APR,2009,"17,36"
11,APR,2009,"17,70"
12,APR,2009,"17,08"
13,APR,2009,"16,56"
14,APR,2009,"16,72"
15,APR,2009,"17,04"
16,APR,2009,"17,42"
17,APR,2009,"17,77"
18,APR,2009,"17,88"
19,APR,2009,"17,53"
20,APR,2009,"17,30"
21,APR,2009,"17,73"
22,APR,2009,"18,00"
23,APR,2009,"17,71"
24,APR,2009,"17,06"
25,APR,2009,"16,66"
26,APR,2009,"16,24"
27,APR,2009,"15,94"
28,APR,2009,"16,55"
29,APR,2009,"17,09"
30,APR,2009,"16,63"
31,APR,2009,
1,MEI,2009,"16,36"
2,MEI,2009,"16,61"
3,MEI,2009,"16,28"
4,MEI,2009,"15,84"
5,MEI,2009,"15,54"
6,MEI,2009,"15,33"
7,MEI,2009,"14,98"
8,MEI,2009,"15,29"
9,MEI,2009,"16,29"
10,MEI,2009,"16,12"
11,MEI,2009,"16,68"
12,MEI,2009,"17,34"
13,MEI,2009,"17,21"
14,MEI,2009,"16,66"
15,MEI,2009,"15,47"
16,MEI,2009,"15,18"
17,MEI,2009,"15,51"
18,MEI,2009,"15,46"
19,MEI,2009,"15,76"
20,MEI,2009,"16,78"
21,MEI,2009,"16,34"
22,MEI,2009,"16,08"
23,MEI,2009,"16,06"
24,MEI,2009,"16,78"
25,MEI,2009,"16,54"
26,MEI,2009,"15,76"
27,MEI,2009,"15,50"
28,MEI,2009,"16,07"
29,MEI,2009,"17,38"
30,MEI,2009,"17,94"
31,MEI,2009,"17,90"
1,JUNI,2009,"17,44"
2,JUNI,2009,"16,38"
3,JUNI,2009,"15,31"
4,JUNI,2009,"14,79"
5,JUNI,2009,"14,23"
6,JUNI,2009,"13,88"
7,JUNI,2009,"13,95"
8,JUNI,2009,"13,72"
9,JUNI,2009,"13,24"
10,JUNI,2009,"12,96"
11,JUNI,2009,"12,81"
12,JUNI,2009,"12,94"
13,JUNI,2009,"12,74"
14,JUNI,2009,"12,43"
15,JUNI,2009,"12,65"
16,JUNI,2009,"12,69"
17,JUNI,2009,"12,48"
18,JUNI,2009,"12,31"
19,JUNI,2009,"12,84"
20,JUNI,2009,"12,80"
21,JUNI,2009,"12,48"
22,JUNI,2009,"12,54"
23,JUNI,2009,"12,69"
24,JUNI,2009,"13,00"
25,JUNI,2009,"14,41"
26,JUNI,2009,"15,26"
27,JUNI,2009,"14,74"
28,JUNI,2009,"14,08"
29,JUNI,2009,"13,50"
30,JUNI,2009,"13,11"
31,JUNI,2009,
1,JULI,2009,"13,77"
2,JULI,2009,"15,24"
3,JULI,2009,"15,71"
4,JULI,2009,"15,21"
5,JULI,2009,"15,57"
6,JULI,2009,"16,58"
7,JULI,2009,"18,10"
8,JULI,2009,"18,44"
9,JULI,2009,"18,71"
10,JULI,2009,"18,53"
11,JULI,2009,"18,05"
12,JULI,2009,"17,54"
13,JULI,2009,"16,94"
14,JULI,2009,"15,56"
15,JULI,2009,"14,89"
16,JULI,2009,"14,38"
17,JULI,2009,"13,83"
18,JULI,2009,"13,52"
19,JULI,2009,"13,68"
20,JULI,2009,"13,82"
21,JULI,2009,"13,80"
22,JULI,2009,"13,65"
23,JULI,2009,"13,58"
24,JULI,2009,"13,80"
25,JULI,2009,"14,05"
26,JULI,2009,"13,90"
27,JULI,2009,"13,76"
28,JULI,2009,"13,95"
29,JULI,2009,"13,70"
30,JULI,2009,"13,11"
31,JULI,2009,"12,75"
1,AGS,2009,"12,20"
2,AGS,2009,"11,34"
3,AGS,2009,"11,12"
4,AGS,2009,"11,07"
5,AGS,2009,"11,06"
6,AGS,2009,"11,18"
7,AGS,2009,"11,32"
8,AGS,2009,"11,42"
9,AGS,2009,"11,42"
10,AGS,2009,"11,38"
11,AGS,2009,"11,44"
12,AGS,2009,"11,68"
13,AGS,2009,"13,49"
14,AGS,2009,"14,10"
15,AGS,2009,"12,95"
16,AGS,2009,"12,32"
17,AGS,2009,"12,64"
18,AGS,2009,"13,23"
19,AGS,2009,"13,34"
20,AGS,2009,"12,82"
21,AGS,2009,"12,41"
22,AGS,2009,"12,36"
23,AGS,2009,"15,67"
24,AGS,2009,"15,27"
25,AGS,2009,"14,71"
26,AGS,2009,"15,05"
27,AGS,2009,"15,26"
28,AGS,2009,"15,16"
29,AGS,2009,"14,79"
30,AGS,2009,"14,19"
31,AGS,2009,"13,62"
1,SEP,2009,"12,84"
2,SEP,2009,"12,20"
3,SEP,2009,"12,14"
4,SEP,2009,"12,25"
5,SEP,2009,"12,18"
6,SEP,2009,"11,98"
7,SEP,2009,"11,82"
8,SEP,2009,"11,68"
9,SEP,2009,"11,58"
10,SEP,2009,"11,53"
11,SEP,2009,"11,48"
12,SEP,2009,"11,40"
13,SEP,2009,"11,33"
14,SEP,2009,"11,30"
15,SEP,2009,"11,35"
16,SEP,2009,"11,43"
17,SEP,2009,"11,47"
18,SEP,2009,"11,53"
19,SEP,2009,"11,56"
20,SEP,2009,"11,58"
21,SEP,2009,"11,47"
22,SEP,2009,"11,50"
23,SEP,2009,"11,47"
24,SEP,2009,"11,43"
25,SEP,2009,"11,47"
26,SEP,2009,"11,48"
27,SEP,2009,"11,46"
28,SEP,2009,"11,41"
29,SEP,2009,"11,43"
30,SEP,2009,"11,51"
31,SEP,2009,
1,OKT,2009,"11,59"
2,OKT,2009,"11,60"
3,OKT,2009,"11,61"
4,OKT,2009,"11,71"
5,OKT,2009,"11,84"
6,OKT,2009,"11,97"
7,OKT,2009,"12,22"
8,OKT,2009,"12,42"
9,OKT,2009,"12,27"
10,OKT,2009,"12,47"
11,OKT,2009,"13,39"
12,OKT,2009,"14,43"
13,OKT,2009,"15,02"
14,OKT,2009,"15,36"
15,OKT,2009,"15,53"
16,OKT,2009,"15,68"
17,OKT,2009,"15,16"
18,OKT,2009,"14,00"
19,OKT,2009,"12,92"
20,OKT,2009,"12,40"
21,OKT,2009,"12,38"
22,OKT,2009,"12,53"
23,OKT,2009,"12,50"
24,OKT,2009,"15,86"
25,OKT,2009,"17,80"
26,OKT,2009,"17,72"
27,OKT,2009,"17,22"
28,OKT,2009,"16,69"
29,OKT,2009,"16,13"
30,OKT,2009,"15,32"
31,OKT,2009,"14,60"
1,NOV,2009,"14,41"
2,NOV,2009,"14,73"
3,NOV,2009,"14,64"
4,NOV,2009,"14,22"
5,NOV,2009,"13,79"
6,NOV,2009,"13,26"
7,NOV,2009,"12,83"
8,NOV,2009,"12,44"
9,NOV,2009,"12,28"
10,NOV,2009,"12,17"
11,NOV,2009,"12,53"
12,NOV,2009,"12,48"
13,NOV,2009,"12,36"
14,NOV,2009,"12,56"
15,NOV,2009,"12,94"
16,NOV,2009,"14,90"
17,NOV,2009,"16,84"
18,NOV,2009,"17,72"
19,NOV,2009,"18,02"
20,NOV,2009,"18,18"
21,NOV,2009,"18,42"
22,NOV,2009,"18,28"
23,NOV,2009,"18,00"
24,NOV,2009,"17,86"
25,NOV,2009,"17,92"
26,NOV,2009,"17,60"
27,NOV,2009,"16,58"
28,NOV,2009,"15,94"
29,NOV,2009,"15,52"
30,NOV,2009,"15,15"
31,NOV,2009,
1,DES,2009,"14,88"
2,DES,2009,"14,96"
3,DES,2009,"17,03"
4,DES,2009,"16,98"
5,DES,2009,"16,63"
6,DES,2009,"16,41"
7,DES,2009,"16,36"
8,DES,2009,"16,65"
9,DES,2009,"17,45"
10,DES,2009,"18,60"
11,DES,2009,"18,44"
12,DES,2009,"18,12"
13,DES,2009,"17,98"
14,DES,2009,"17,65"
15,DES,2009,"17,36"
16,DES,2009,"17,32"
17,DES,2009,"17,80"
18,DES,2009,"18,34"
19,DES,2009,"18,50"
20,DES,2009,"18,04"
21,DES,2009,"17,63"
22,DES,2009,"17,37"
23,DES,2009,"17,56"
24,DES,2009,"16,70"
25,DES,2009,"16,11"
26,DES,2009,"15,64"
27,DES,2009,"15,38"
28,DES,2009,"15,39"
29,DES,2009,"15,76"
30,DES,2009,"17,00"
31,DES,2009,"18,25"
